"Date","Price","Open","High","Low","Vol.","Change %"
"12/31/2024","87.33","88.13","88.28","87.26","31.92M","-0.54%"
"12/30/2024","87.80","87.83","88.04","87.67","48.52M","0.80%"
"12/27/2024","87.10","87.48","87.78","87.06","27.26M","-0.82%"
"12/26/2024","87.82","87.21","87.96","87.20","20.00M","-0.06%"
"12/24/2024","87.87","87.04","87.89","86.98","22.38M","0.42%"
"12/23/2024","87.50","88.16","88.23","87.44","32.76M","-0.92%"
"12/20/2024","88.31","88.53","88.91","88.29","45.54M","0.57%"
"12/19/2024","87.81","88.07","88.39","87.50","99.08M","-1.51%"
"12/18/2024","89.16","89.97","90.37","89.14","61.33M","-1.63%"
"12/17/2024","90.64","90.52","90.99","90.46","23.84M","0.24%"
"12/16/2024","90.42","90.55","90.62","90.05","23.48M","0.30%"
"12/13/2024","90.15","90.80","90.85","90.08","39.49M","-1.02%"
"12/12/2024","91.08","91.64","91.75","91.00","45.37M","-1.21%"
"12/11/2024","92.20","93.07","93.29","92.11","38.75M","-0.95%"
"12/10/2024","93.08","93.02","93.30","92.90","28.71M","-0.47%"
"12/09/2024","93.52","93.99","94.04","93.46","30.51M","-0.92%"
"12/06/2024","94.39","94.72","94.85","94.02","31.76M","0.15%"
"12/05/2024","94.25","93.72","94.39","93.65","23.70M","0.20%"
"12/04/2024","94.06","92.61","94.19","92.54","35.85M","1.07%"
"12/03/2024","93.06","93.93","94.03","92.99","32.77M","-0.86%"
"12/02/2024","93.87","93.27","94.15","93.00","39.41M","-0.11%"
"11/29/2024","93.97","93.78","93.99","93.44","31.91M","1.03%"
"11/27/2024","93.01","93.04","93.38","92.67","39.44M","0.69%"
"11/26/2024","92.37","92.16","92.44","91.81","31.12M","-0.39%"
"11/25/2024","92.73","92.20","92.78","91.99","56.86M","2.59%"
"11/22/2024","90.39","90.51","90.70","90.15","21.55M","0.06%"
"11/21/2024","90.34","90.45","90.85","90.00","28.37M","-0.08%"
"11/20/2024","90.41","90.15","90.83","90.11","27.76M","-0.32%"
"11/19/2024","90.70","90.82","91.07","90.62","29.59M","0.51%"
"11/18/2024","90.24","89.66","90.59","89.42","36.06M","0.18%"
"11/15/2024","90.08","89.92","90.65","89.51","73.72M","-0.27%"
"11/14/2024","90.32","90.56","91.03","90.27","53.33M","0.58%"
"11/13/2024","89.80","91.51","91.54","89.72","49.01M","-0.95%"
"11/12/2024","90.66","91.37","91.85","90.51","57.91M","-1.50%"
"11/11/2024","92.04","92.25","92.29","91.62","22.37M","-0.49%"
"11/08/2024","92.49","92.00","92.60","91.84","56.76M","1.27%"
"11/07/2024","91.33","90.75","91.62","90.65","56.22M","1.25%"
"11/06/2024","90.20","89.64","90.72","89.55","98.90M","-2.74%"
"11/05/2024","92.74","92.03","92.90","91.60","46.99M","0.53%"
"11/04/2024","92.25","92.28","92.57","91.63","49.75M","1.55%"
"11/01/2024","90.84","92.26","92.51","90.80","80.40M","-1.74%"
"10/31/2024","92.45","92.20","92.94","91.87","52.17M","0.16%"
"10/30/2024","92.30","92.84","93.29","92.16","41.95M","0.29%"
"10/29/2024","92.03","91.17","92.06","90.98","46.55M","0.15%"
"10/28/2024","91.89","92.27","92.29","91.42","33.16M","-0.27%"
"10/25/2024","92.14","92.99","93.04","92.02","28.67M","-0.56%"
"10/24/2024","92.66","92.23","93.00","91.96","32.51M","0.64%"
"10/23/2024","92.07","91.84","92.37","91.66","33.35M","-0.27%"
"10/22/2024","92.32","92.65","92.76","92.09","32.10M","0.10%"
"10/21/2024","92.23","93.02","93.09","92.23","49.50M","-1.75%"
"10/18/2024","93.87","94.05","94.28","93.86","25.26M","0.07%"
"10/17/2024","93.80","94.29","94.44","93.67","43.43M","-1.58%"
"10/16/2024","95.31","95.39","95.62","95.14","32.28M","0.42%"
"10/15/2024","94.91","94.46","95.00","94.37","46.43M","1.22%"
"10/14/2024","93.76","93.04","93.78","92.98","28.80M","0.07%"
"10/11/2024","93.70","93.48","94.07","93.42","27.41M","-0.40%"
"10/10/2024","94.08","93.88","94.09","93.41","53.67M","-0.39%"
"10/09/2024","94.45","94.67","94.90","94.23","35.81M","-0.57%"
"10/08/2024","94.99","94.39","95.03","94.33","33.71M","0.17%"
"10/07/2024","94.83","94.98","95.27","94.76","42.61M","-0.75%"
"10/04/2024","95.55","95.44","95.96","95.40","56.97M","-1.23%"
"10/03/2024","96.74","97.34","97.51","96.74","39.68M","-0.94%"
"10/02/2024","97.66","97.36","97.73","97.06","35.81M","-0.84%"
"10/01/2024","98.49","98.80","99.33","98.39","45.25M","0.40%"
"09/30/2024","98.10","98.64","98.71","97.88","34.21M","-0.48%"
"09/27/2024","98.57","98.54","98.75","98.21","28.32M","0.52%"
"09/26/2024","98.06","98.07","98.25","97.42","33.33M","0.24%"
"09/25/2024","97.83","98.26","98.32","97.79","36.74M","-0.83%"
"09/24/2024","98.65","98.00","98.89","97.85","31.01M","-0.02%"
"09/23/2024","98.67","98.50","99.09","98.02","35.70M","-0.21%"
"09/20/2024","98.88","98.99","99.25","98.72","37.07M","-0.38%"
"09/19/2024","99.26","98.92","99.31","98.77","39.98M","-0.33%"
"09/18/2024","99.59","100.24","100.73","99.54","48.90M","-1.24%"
"09/17/2024","100.84","101.47","101.64","100.74","31.70M","-0.48%"
"09/16/2024","101.33","100.63","101.37","100.41","30.87M","0.92%"
"09/13/2024","100.41","100.46","100.61","100.02","25.72M","0.27%"
"09/12/2024","100.14","100.36","100.55","99.69","41.81M","-0.47%"
"09/11/2024","100.61","100.49","101.24","100.35","39.50M","-0.08%"
"09/10/2024","100.69","99.87","100.91","99.82","31.70M","0.70%"
"09/09/2024","99.99","99.40","100.10","99.16","26.96M","0.43%"
"09/06/2024","99.56","99.55","100.78","99.19","57.41M","-0.01%"
"09/05/2024","99.57","99.34","99.68","98.78","47.45M","0.57%"
"09/04/2024","99.01","97.88","99.03","97.81","40.89M","1.29%"
"09/03/2024","97.75","97.56","98.06","97.42","48.95M","1.31%"
"08/30/2024","96.49","97.68","97.99","96.47","42.90M","-1.07%"
"08/29/2024","97.53","97.37","97.64","97.13","24.99M","-0.33%"
"08/28/2024","97.85","98.01","98.20","97.72","18.50M","-0.12%"
"08/27/2024","97.97","97.49","98.08","97.41","21.51M","-0.17%"
"08/26/2024","98.14","98.69","98.70","98.08","23.20M","-0.25%"
"08/23/2024","98.39","98.19","98.67","97.96","32.01M","0.65%"
"08/22/2024","97.75","98.23","98.30","97.43","33.45M","-0.99%"
"08/21/2024","98.73","98.67","99.20","98.21","29.23M","0.06%"
"08/20/2024","98.67","98.32","98.86","98.12","25.24M","0.80%"
"08/19/2024","97.89","97.42","98.15","97.40","25.32M","0.46%"
"08/16/2024","97.44","97.44","97.54","97.01","28.54M","0.35%"
"08/15/2024","97.10","96.40","97.10","96.21","38.72M","-0.81%"
"08/14/2024","97.89","97.55","98.16","97.51","31.33M","0.63%"
"08/13/2024","97.28","97.30","97.36","96.98","30.37M","0.69%"
"08/12/2024","96.61","96.03","96.82","95.88","24.26M","0.36%"
"08/09/2024","96.26","96.51","96.54","96.09","32.14M","0.99%"
"08/08/2024","95.32","95.11","95.40","94.84","37.82M","-0.62%"
"08/07/2024","95.91","95.95","96.45","95.50","51.34M","-0.70%"
"08/06/2024","96.59","98.15","98.41","96.59","61.32M","-2.24%"
"08/05/2024","98.80","99.69","99.93","97.90","90.69M","0.53%"
"08/02/2024","98.28","97.00","98.37","96.89","91.91M","3.12%"
"08/01/2024","95.31","95.14","95.90","95.12","77.25M","0.53%"
"07/31/2024","94.81","94.53","94.84","94.24","47.45M","1.02%"
"07/30/2024","93.85","93.75","94.05","93.30","28.17M","0.39%"
"07/29/2024","93.49","93.67","93.69","93.22","25.80M","0.54%"
"07/26/2024","92.99","92.95","93.15","92.71","34.42M","0.78%"
"07/25/2024","92.27","92.03","92.86","91.96","45.00M","0.82%"
"07/24/2024","91.52","92.59","92.85","91.47","50.76M","-1.08%"
"07/23/2024","92.52","92.81","93.03","92.49","23.50M","-0.14%"
"07/22/2024","92.65","93.40","93.52","92.30","36.16M","-0.29%"
"07/19/2024","92.92","93.04","93.16","92.82","32.16M","-0.59%"
"07/18/2024","93.47","93.68","94.14","93.38","34.55M","-0.76%"
"07/17/2024","94.19","93.92","94.40","93.69","29.04M","0.02%"
"07/16/2024","94.17","93.53","94.21","93.39","36.38M","1.41%"
"07/15/2024","92.86","93.00","93.30","92.78","37.92M","-1.15%"
"07/12/2024","93.94","93.53","93.94","93.34","27.80M","0.43%"
"07/11/2024","93.54","93.68","94.14","93.47","49.76M","0.97%"
"07/10/2024","92.64","92.45","92.68","92.26","23.57M","0.31%"
"07/09/2024","92.35","92.47","92.68","91.87","30.30M","-0.44%"
"07/08/2024","92.76","92.54","92.85","92.22","16.10M","0.22%"
"07/05/2024","92.56","92.27","92.72","91.90","34.90M","0.83%"
"07/03/2024","91.80","91.17","91.89","91.08","35.56M","1.31%"
"07/02/2024","90.61","90.68","90.81","90.08","34.20M","0.78%"
"07/01/2024","89.91","90.42","91.08","89.82","49.74M","-2.04%"
"06/28/2024","91.78","93.73","93.76","91.78","55.12M","-1.86%"
"06/27/2024","93.52","93.52","93.71","93.42","23.14M","0.40%"
"06/26/2024","93.15","93.28","93.46","93.11","38.49M","-1.43%"
"06/25/2024","94.50","94.07","94.55","94.04","23.16M","0.17%"
"06/24/2024","94.34","94.05","94.34","93.74","56.94M","0.40%"
"06/21/2024","93.96","94.24","94.48","93.59","22.83M","0.00%"
"06/20/2024","93.96","93.41","94.00","93.34","30.25M","-0.67%"
"06/18/2024","94.59","93.89","94.60","93.73","26.88M","0.92%"
"06/17/2024","93.73","93.52","93.81","93.28","31.04M","-0.99%"
"06/14/2024","94.67","94.42","94.84","94.24","28.78M","0.84%"
"06/13/2024","93.88","93.22","93.99","92.95","33.09M","1.47%"
"06/12/2024","92.52","93.02","93.57","92.49","42.55M","0.75%"
"06/11/2024","91.83","91.03","91.87","90.92","30.33M","1.03%"
"06/10/2024","90.89","91.00","91.06","90.65","20.59M","-0.67%"
"06/07/2024","91.50","91.83","91.83","91.40","35.24M","-1.83%"
"06/06/2024","93.21","92.92","93.43","92.86","22.89M","-0.15%"
"06/05/2024","93.35","93.00","93.35","92.39","43.15M","0.73%"
"06/04/2024","92.67","92.20","92.80","91.99","42.58M","1.17%"
"06/03/2024","91.60","90.64","91.67","90.61","42.27M","1.27%"
"05/31/2024","90.45","90.48","90.66","90.25","41.31M","0.68%"
"05/30/2024","89.84","89.60","89.97","89.44","29.57M","0.97%"
"05/29/2024","88.98","89.34","89.39","88.68","45.51M","-1.21%"
"05/28/2024","90.07","91.33","91.36","90.03","45.97M","-1.43%"
"05/24/2024","91.38","90.97","91.47","90.90","19.16M","0.30%"
"05/23/2024","91.11","91.80","91.80","90.82","51.29M","-0.64%"
"05/22/2024","91.70","91.27","91.78","91.26","38.07M","0.12%"
"05/21/2024","91.59","91.73","91.77","91.43","15.33M","0.52%"
"05/20/2024","91.12","91.08","91.32","91.01","17.92M","-0.30%"
"05/17/2024","91.39","91.64","91.80","91.34","24.76M","-0.67%"
"05/16/2024","92.01","92.39","92.42","91.94","37.90M","-0.10%"
"05/15/2024","92.10","91.87","92.25","91.63","65.14M","1.36%"
"05/14/2024","90.86","90.65","90.92","90.42","25.75M","0.56%"
"05/13/2024","90.35","90.55","90.61","90.31","23.16M","0.26%"
"05/10/2024","90.12","90.28","90.38","89.96","21.91M","-0.56%"
"05/09/2024","90.63","89.87","90.77","89.82","39.61M","0.49%"
"05/08/2024","90.19","90.31","90.46","90.16","31.17M","-0.61%"
"05/07/2024","90.74","90.90","91.24","90.61","30.53M","0.61%"
"05/06/2024","90.19","89.87","90.25","89.67","23.87M","0.39%"
"05/03/2024","89.84","89.93","90.12","89.27","50.07M","1.01%"
"05/02/2024","88.94","88.21","89.01","88.03","58.93M","0.43%"
"05/01/2024","88.56","88.60","89.21","88.24","59.68M","0.39%"
"04/30/2024","88.22","88.42","88.73","88.10","41.05M","-0.85%"
"04/29/2024","88.98","88.66","89.01","88.48","39.23M","0.84%"
"04/26/2024","88.24","88.25","88.61","88.05","31.59M","0.52%"
"04/25/2024","87.78","87.46","87.90","87.34","49.28M","-0.70%"
"04/24/2024","88.40","88.56","88.63","87.50","48.99M","-0.71%"
"04/23/2024","89.03","88.73","89.54","88.55","27.22M","0.03%"
"04/22/2024","89.00","88.68","89.12","88.64","24.97M","-0.17%"
"04/19/2024","89.15","89.39","89.39","88.90","44.83M","0.36%"
"04/18/2024","88.83","89.24","89.27","88.59","43.84M","-0.50%"
"04/17/2024","89.28","88.87","89.38","88.46","57.95M","1.11%"
"04/16/2024","88.30","88.05","88.58","87.79","45.10M","-0.66%"
"04/15/2024","88.89","89.22","89.26","88.52","55.99M","-1.55%"
"04/12/2024","90.29","90.64","90.95","90.28","47.90M","0.53%"
"04/11/2024","89.81","90.38","90.44","89.51","65.75M","-0.45%"
"04/10/2024","90.22","91.20","91.30","90.05","74.37M","-2.18%"
"04/09/2024","92.23","91.87","92.36","91.83","32.54M","0.93%"
"04/08/2024","91.38","91.23","91.59","91.13","37.88M","-0.01%"
"04/05/2024","91.39","91.69","92.18","91.38","42.50M","-1.39%"
"04/04/2024","92.68","92.63","92.76","92.04","47.96M","0.72%"
"04/03/2024","92.02","91.26","92.05","91.05","45.49M","-0.02%"
"04/02/2024","92.04","91.57","92.20","91.33","43.09M","-0.55%"
"04/01/2024","92.55","93.29","93.30","92.46","48.95M","-2.19%"
"03/28/2024","94.62","94.49","95.02","94.32","34.54M","-0.08%"
"03/27/2024","94.70","93.99","94.70","93.94","50.16M","0.99%"
"03/26/2024","93.77","93.51","93.87","93.28","34.42M","0.28%"
"03/25/2024","93.51","93.71","93.75","93.30","24.01M","-0.50%"
"03/22/2024","93.98","94.19","94.21","93.78","30.26M","0.96%"
"03/21/2024","93.09","93.27","93.43","92.72","34.28M","0.22%"
"03/20/2024","92.89","93.10","93.79","92.29","43.46M","-0.03%"
"03/19/2024","92.92","92.85","93.27","92.69","26.95M","0.28%"
"03/18/2024","92.66","92.73","92.99","92.50","29.52M","-0.30%"
"03/15/2024","92.94","93.06","93.19","92.79","35.00M","-0.03%"
"03/14/2024","92.97","93.73","93.75","92.86","58.37M","-1.54%"
"03/13/2024","94.42","94.50","94.74","94.21","38.27M","-0.48%"
"03/12/2024","94.88","95.04","95.21","94.69","29.57M","-0.84%"
"03/11/2024","95.68","95.96","96.01","95.37","17.79M","-0.05%"
"03/08/2024","95.73","95.80","96.04","95.48","25.02M","-0.18%"
"03/07/2024","95.90","96.36","96.40","95.48","39.08M","-0.09%"
"03/06/2024","95.99","95.49","96.17","95.41","40.57M","0.59%"
"03/05/2024","95.43","95.23","95.68","94.96","37.72M","1.42%"
"03/04/2024","94.09","93.70","94.15","93.68","23.86M","-0.40%"
"03/01/2024","94.47","93.44","94.51","93.01","45.83M","0.31%"
"02/29/2024","94.18","93.82","94.30","93.78","51.04M","0.71%"
"02/28/2024","93.52","93.08","93.60","92.90","34.57M","0.63%"
"02/27/2024","92.93","93.24","93.47","92.85","30.24M","-0.71%"
"02/26/2024","93.59","94.00","94.03","93.19","27.86M","-0.30%"
"02/23/2024","93.87","92.75","94.00","92.75","38.41M","1.34%"
"02/22/2024","92.63","92.33","92.76","92.26","45.19M","0.49%"
"02/21/2024","92.18","92.83","92.89","92.01","36.40M","-0.71%"
"02/20/2024","92.84","92.79","93.19","92.72","24.47M","0.09%"
"02/16/2024","92.76","92.48","92.85","92.34","33.12M","-0.58%"
"02/15/2024","93.30","93.56","93.72","93.00","49.60M","0.52%"
"02/14/2024","92.82","92.30","93.05","92.23","44.19M","0.51%"
"02/13/2024","92.35","92.86","93.06","92.33","49.77M","-1.71%"
"02/12/2024","93.96","93.90","94.14","93.50","27.89M","0.12%"
"02/09/2024","93.85","93.76","94.01","93.66","27.95M","-0.20%"
"02/08/2024","94.04","94.02","94.30","93.65","50.09M","-0.58%"
"02/07/2024","94.59","94.57","95.23","94.52","40.12M","-0.48%"
"02/06/2024","95.05","94.24","95.15","94.21","33.41M","0.98%"
"02/05/2024","94.13","94.63","94.85","94.02","53.83M","-2.02%"
"02/02/2024","96.07","96.27","96.62","95.69","63.82M","-2.21%"
"02/01/2024","98.24","97.42","98.67","97.19","84.29M","1.63%"
"01/31/2024","96.66","96.22","96.91","96.00","80.65M","0.98%"
"01/30/2024","95.72","95.48","95.84","94.74","40.15M","0.91%"
"01/29/2024","94.86","94.31","95.17","94.12","38.24M","1.15%"
"01/26/2024","93.78","93.93","94.07","93.49","29.28M","-0.19%"
"01/25/2024","93.96","94.00","94.22","93.57","57.02M","0.65%"
"01/24/2024","93.35","94.51","94.54","93.10","54.57M","-0.59%"
"01/23/2024","93.90","93.89","93.99","93.43","35.79M","-0.79%"
"01/22/2024","94.65","94.82","95.08","94.39","35.76M","0.60%"
"01/19/2024","94.09","93.71","94.17","93.26","47.03M","0.32%"
"01/18/2024","93.79","94.46","94.58","93.51","77.34M","-0.93%"
"01/17/2024","94.67","94.60","95.00","94.16","55.51M","-0.16%"
"01/16/2024","94.82","95.62","95.79","94.51","61.72M","-1.76%"
"01/12/2024","96.52","96.78","97.27","96.27","38.88M","-0.20%"
"01/11/2024","96.71","96.17","96.83","95.71","78.86M","0.56%"
"01/10/2024","96.17","96.92","97.04","96.12","48.23M","-0.47%"
"01/09/2024","96.62","96.64","97.17","96.58","34.37M","-0.64%"
"01/08/2024","97.24","96.23","97.38","96.09","39.49M","0.99%"
"01/05/2024","96.29","96.50","97.68","96.21","45.89M","-0.96%"
"01/04/2024","97.22","97.42","97.64","97.07","52.60M","-1.52%"
"01/03/2024","98.72","97.38","98.85","97.15","58.16M","0.42%"
"01/02/2024","98.31","98.23","98.65","98.00","47.80M","-0.58%"
"12/29/2023","98.88","99.13","99.82","98.79","41.62M","-0.90%"
"12/28/2023","99.78","100.09","100.57","99.56","36.21M","-0.73%"
"12/27/2023","100.51","99.78","100.53","99.50","45.08M","1.77%"
"12/26/2023","98.76","98.54","98.87","98.48","24.02M","0.29%"
"12/22/2023","98.47","99.38","99.38","98.24","29.24M","-0.46%"
"12/21/2023","98.93","99.74","99.84","98.75","65.23M","-0.63%"
"12/20/2023","99.56","99.11","99.69","98.58","51.23M","0.68%"
"12/19/2023","98.89","98.86","99.26","98.66","30.02M","0.54%"
"12/18/2023","98.36","98.50","98.50","98.02","34.75M","-0.80%"
"12/15/2023","99.15","98.69","99.35","98.58","59.94M","0.11%"
"12/14/2023","99.04","97.66","99.04","97.42","87.80M","2.27%"
"12/13/2023","96.84","95.17","96.98","95.02","70.83M","2.35%"
"12/12/2023","94.62","94.15","94.70","93.90","37.00M","0.30%"
"12/11/2023","94.34","94.01","94.44","93.53","33.91M","-0.21%"
"12/08/2023","94.54","94.42","94.71","93.91","44.81M","-0.82%"
"12/07/2023","95.32","95.18","96.08","95.06","47.97M","-0.57%"
"12/06/2023","95.87","95.08","96.05","94.87","61.61M","1.33%"
"12/05/2023","94.61","93.63","94.62","93.57","73.59M","2.15%"
"12/04/2023","92.61","92.49","92.83","92.09","33.77M","-0.40%"
"12/01/2023","92.99","91.31","93.06","91.13","64.17M","1.56%"
"11/30/2023","91.56","91.97","92.29","91.15","60.52M","-1.16%"
"11/29/2023","92.63","92.11","92.69","91.78","61.65M","1.26%"
"11/28/2023","91.48","90.91","91.53","90.79","44.99M","0.20%"
"11/27/2023","91.30","90.30","91.34","90.21","39.80M","1.67%"
"11/24/2023","89.80","90.10","90.26","89.79","20.20M","-1.18%"
"11/22/2023","90.87","91.12","91.32","90.38","31.22M","0.35%"
"11/21/2023","90.55","90.50","90.80","89.89","27.72M","-0.04%"
"11/20/2023","90.59","89.62","90.65","89.61","40.52M","0.61%"
"11/17/2023","90.04","90.16","90.43","89.64","44.10M","0.47%"
"11/16/2023","89.62","89.30","89.96","89.25","49.47M","1.24%"
"11/15/2023","88.52","89.01","89.14","88.31","56.21M","-1.40%"
"11/14/2023","89.78","90.00","90.15","89.29","65.67M","2.27%"
"11/13/2023","87.79","87.22","87.94","86.90","25.66M","-0.23%"
"11/10/2023","87.99","88.22","88.43","87.77","36.59M","0.56%"
"11/09/2023","87.50","88.94","89.03","86.74","88.98M","-2.30%"
"11/08/2023","89.56","88.48","89.62","88.45","53.89M","1.70%"
"11/07/2023","88.06","87.61","88.50","87.59","37.83M","1.47%"
"11/06/2023","86.78","87.07","87.20","86.60","41.34M","-0.97%"
"11/03/2023","87.63","88.81","89.05","87.57","77.69M","0.68%"
"11/02/2023","87.04","86.68","87.31","86.22","69.74M","2.28%"
"11/01/2023","85.10","84.04","85.12","84.02","72.31M","1.82%"
"10/31/2023","83.58","84.36","84.77","83.55","37.27M","-0.49%"
"10/30/2023","83.99","83.81","84.50","83.24","45.03M","-0.45%"
"10/27/2023","84.37","84.19","84.97","83.74","32.36M","-0.42%"
"10/26/2023","84.73","83.48","84.82","83.40","49.70M","1.53%"
"10/25/2023","83.45","84.02","84.13","83.13","60.74M","-2.23%"
"10/24/2023","85.35","84.44","85.35","84.09","46.27M","1.32%"
"10/23/2023","84.24","82.81","84.86","82.42","70.89M","1.20%"
"10/20/2023","83.24","82.99","83.54","82.77","52.19M","0.57%"
"10/19/2023","82.77","83.88","84.57","82.74","87.70M","-2.05%"
"10/18/2023","84.50","84.38","84.72","83.85","63.72M","-0.88%"
"10/17/2023","85.25","84.89","85.63","84.50","52.95M","-1.10%"
"10/16/2023","86.20","86.19","86.37","85.90","38.31M","-1.61%"
"10/13/2023","87.61","87.60","87.83","87.17","44.20M","1.79%"
"10/12/2023","86.07","88.05","88.19","85.93","66.99M","-2.71%"
"10/11/2023","88.47","87.85","88.47","87.60","58.52M","2.09%"
"10/10/2023","86.66","85.85","87.17","85.52","54.74M","-0.14%"
"10/09/2023","86.78","85.50","86.80","84.95","29.42M","2.35%"
"10/06/2023","84.79","84.20","85.68","84.06","62.79M","-1.21%"
"10/05/2023","85.83","86.11","86.19","85.64","35.76M","-0.50%"
"10/04/2023","86.26","85.77","86.31","85.37","56.28M","1.41%"
"10/03/2023","85.06","86.31","86.65","84.89","71.36M","-2.15%"
"10/02/2023","86.93","87.82","87.93","86.71","44.70M","-1.98%"
"09/29/2023","88.69","89.27","89.49","88.13","49.01M","0.01%"
"09/28/2023","88.68","87.62","88.73","87.10","60.24M","0.31%"
"09/27/2023","88.41","89.54","89.62","88.09","47.11M","-0.52%"
"09/26/2023","88.87","89.43","89.62","88.71","38.10M","-0.35%"
"09/25/2023","89.18","89.66","90.04","89.15","45.59M","-2.46%"
"09/22/2023","91.43","90.81","91.61","90.67","29.53M","0.80%"
"09/21/2023","90.70","91.29","91.36","90.69","59.96M","-2.57%"
"09/20/2023","93.09","93.29","93.60","93.04","29.45M","0.31%"
"09/19/2023","92.80","93.08","93.43","92.80","24.95M","-0.74%"
"09/18/2023","93.49","92.85","93.53","92.82","17.96M","0.57%"
"09/15/2023","92.96","93.46","93.48","92.96","25.64M","-0.61%"
"09/14/2023","93.53","93.94","94.21","93.40","27.80M","-0.72%"
"09/13/2023","94.21","93.92","94.53","93.82","23.33M","-0.02%"
"09/12/2023","94.23","93.89","94.24","93.58","20.03M","0.58%"
"09/11/2023","93.69","93.70","93.98","93.55","17.06M","-0.72%"
"09/08/2023","94.37","94.38","94.90","94.17","17.05M","0.38%"
"09/07/2023","94.01","94.00","94.07","93.68","18.09M","0.28%"
"09/06/2023","93.75","94.09","94.11","93.46","23.61M","0.25%"
"09/05/2023","93.52","94.28","94.29","93.49","29.44M","-1.40%"
"09/01/2023","94.85","95.80","95.82","94.62","32.47M","-1.85%"
"08/31/2023","96.64","96.54","97.05","96.43","26.96M","0.45%"
"08/30/2023","96.21","96.16","96.40","95.88","17.55M","-0.10%"
"08/29/2023","96.31","94.97","96.51","94.94","28.48M","1.04%"
"08/28/2023","95.32","95.65","95.66","94.89","16.04M","0.11%"
"08/25/2023","95.22","94.66","95.51","94.51","23.87M","0.33%"
"08/24/2023","94.91","95.13","95.55","94.89","22.30M","-0.66%"
"08/23/2023","95.54","94.30","95.55","94.23","38.29M","2.48%"
"08/22/2023","93.23","92.64","93.28","92.46","21.32M","0.77%"
"08/21/2023","92.52","92.66","92.76","92.23","29.25M","-1.33%"
"08/18/2023","93.77","93.43","94.19","93.30","24.18M","0.35%"
"08/17/2023","93.44","93.50","93.61","93.02","32.24M","-0.43%"
"08/16/2023","93.84","94.28","94.79","93.72","23.08M","-0.78%"
"08/15/2023","94.58","94.80","95.19","94.56","24.13M","-0.61%"
"08/14/2023","95.16","95.21","95.93","94.90","19.07M","-0.22%"
"08/11/2023","95.37","95.30","95.86","95.20","26.75M","-0.23%"
"08/10/2023","95.59","97.04","97.36","95.59","37.25M","-1.65%"
"08/09/2023","97.19","96.88","97.29","96.84","20.15M","0.52%"
"08/08/2023","96.69","96.86","97.37","96.44","24.01M","1.16%"
"08/07/2023","95.58","96.11","96.20","95.50","35.86M","-0.98%"
"08/04/2023","96.53","95.15","96.68","95.13","42.07M","1.77%"
"08/03/2023","94.85","95.19","95.32","94.54","59.45M","-2.31%"
"08/02/2023","97.09","97.04","97.24","96.41","38.12M","-1.07%"
"08/01/2023","98.14","98.84","98.92","97.90","34.99M","-1.91%"
"07/31/2023","100.05","99.65","100.33","99.62","28.67M","0.24%"
"07/28/2023","99.81","99.40","99.86","99.15","27.43M","0.51%"
"07/27/2023","99.30","100.71","100.93","98.91","44.79M","-1.95%"
"07/26/2023","101.27","101.68","101.69","100.93","19.31M","0.10%"
"07/25/2023","101.17","100.83","101.50","100.80","17.16M","-0.19%"
"07/24/2023","101.36","101.99","102.15","101.30","17.55M","-0.36%"
"07/21/2023","101.73","102.16","102.35","101.63","20.66M","0.03%"
"07/20/2023","101.70","102.22","102.31","101.28","56.95M","-1.21%"
"07/19/2023","102.95","102.00","102.98","101.72","27.19M","1.13%"
"07/18/2023","101.80","101.80","102.07","101.57","15.41M","0.45%"
"07/17/2023","101.34","101.23","101.49","100.92","18.83M","0.05%"
"07/14/2023","101.29","101.72","101.93","101.24","18.57M","-0.59%"
"07/13/2023","101.89","101.31","101.97","101.03","32.44M","1.05%"
"07/12/2023","100.83","100.10","101.12","99.76","31.93M","1.11%"
"07/11/2023","99.72","99.57","99.97","99.29","20.49M","0.51%"
"07/10/2023","99.21","98.86","99.53","98.85","24.67M","0.13%"
"07/07/2023","99.08","99.18","99.60","98.99","29.00M","-0.60%"
"07/06/2023","99.68","100.20","100.38","99.47","41.38M","-1.41%"
"07/05/2023","101.11","101.89","102.00","100.74","28.17M","-0.95%"
"07/03/2023","102.08","102.84","103.25","102.06","16.01M","-0.84%"
"06/30/2023","102.94","102.06","103.06","101.87","32.02M","1.18%"
"06/29/2023","101.74","102.17","102.34","101.45","41.09M","-1.80%"
"06/28/2023","103.61","103.41","103.84","102.83","23.83M","0.43%"
"06/27/2023","103.17","103.59","103.95","102.76","18.11M","-0.26%"
"06/26/2023","103.44","103.62","103.80","103.16","12.89M","0.11%"
"06/23/2023","103.33","103.83","103.95","102.98","22.90M","1.00%"
"06/22/2023","102.31","102.80","103.25","102.20","23.63M","-1.21%"
"06/21/2023","103.56","102.81","103.65","102.34","19.72M","0.24%"
"06/20/2023","103.31","103.11","103.66","103.11","17.16M","0.69%"
"06/16/2023","102.60","102.44","102.83","102.03","16.76M","-0.39%"
"06/15/2023","103.00","103.03","103.63","102.60","25.73M","0.96%"
"06/14/2023","102.02","101.63","102.29","101.46","29.09M","0.80%"
"06/13/2023","101.21","102.11","102.33","100.96","25.91M","-0.99%"
"06/12/2023","102.22","102.24","102.30","101.12","19.02M","0.29%"
"06/09/2023","101.92","101.60","102.26","101.34","22.15M","-0.14%"
"06/08/2023","102.06","100.87","102.14","100.80","23.85M","1.17%"
"06/07/2023","100.88","102.17","102.43","100.78","25.25M","-1.48%"
"06/06/2023","102.40","101.84","102.47","101.39","14.33M","0.59%"
"06/05/2023","101.80","101.35","102.44","101.21","14.43M","-0.19%"
"06/02/2023","101.99","103.00","103.07","101.94","19.14M","-1.10%"
"06/01/2023","103.12","103.28","103.63","102.63","21.04M","0.13%"
"05/31/2023","102.99","101.99","103.18","101.87","23.79M","0.87%"
"05/30/2023","102.10","101.40","102.24","101.25","23.13M","1.00%"
"05/26/2023","101.09","100.12","101.17","100.00","17.03M","0.81%"
"05/25/2023","100.28","100.70","100.80","100.03","22.49M","-0.25%"
"05/24/2023","100.53","101.28","101.36","100.53","18.47M","-0.49%"
"05/23/2023","101.03","100.43","101.25","100.28","21.75M","0.29%"
"05/22/2023","100.74","101.25","101.71","100.67","20.13M","-0.36%"
"05/19/2023","101.10","101.26","101.86","100.93","29.04M","-0.71%"
"05/18/2023","101.82","102.20","102.26","101.75","25.54M","-0.74%"
"05/17/2023","102.58","103.08","103.16","102.35","21.34M","-0.29%"
"05/16/2023","102.88","102.40","102.90","102.11","29.25M","-0.30%"
"05/15/2023","103.19","103.39","103.47","103.12","20.09M","-1.04%"
"05/12/2023","104.27","105.05","105.25","104.25","14.20M","-0.84%"
"05/11/2023","105.15","105.29","105.52","104.72","19.15M","1.06%"
"05/10/2023","104.05","103.67","104.24","103.64","22.89M","0.97%"
"05/09/2023","103.05","103.50","103.64","103.00","19.18M","-0.36%"
"05/08/2023","103.42","103.51","103.87","103.32","20.59M","-1.40%"
"05/05/2023","104.89","104.35","104.90","104.11","15.10M","-0.33%"
"05/04/2023","105.24","105.22","106.45","105.15","25.11M","-0.99%"
"05/03/2023","106.29","106.00","106.60","105.28","23.66M","0.56%"
"05/02/2023","105.70","104.00","105.70","103.89","30.06M","2.49%"
"05/01/2023","103.13","105.27","105.42","102.84","32.49M","-3.13%"
"04/28/2023","106.46","106.21","106.76","105.86","26.95M","1.61%"
"04/27/2023","104.77","105.20","105.27","104.61","20.25M","-0.99%"
"04/26/2023","105.82","106.79","107.24","105.67","19.61M","-1.07%"
"04/25/2023","106.96","106.33","107.13","106.28","21.90M","1.47%"
"04/24/2023","105.41","104.96","105.49","104.84","17.03M","0.97%"
"04/21/2023","104.40","105.30","105.46","104.27","15.24M","-0.56%"
"04/20/2023","104.99","104.83","105.28","104.75","16.45M","0.85%"
"04/19/2023","104.10","103.91","104.24","103.47","16.09M","-0.10%"
"04/18/2023","104.20","103.81","104.58","103.80","15.92M","0.36%"
"04/17/2023","103.83","104.42","104.59","103.71","19.53M","-1.19%"
"04/14/2023","105.08","105.39","105.55","104.77","19.80M","-0.91%"
"04/13/2023","106.05","107.05","107.39","105.88","22.08M","-0.79%"
"04/12/2023","106.89","107.05","107.17","105.88","20.56M","-0.10%"
"04/11/2023","107.00","107.05","107.09","106.51","13.97M","0.21%"
"04/10/2023","106.78","107.64","107.76","106.56","19.13M","-1.61%"
"04/06/2023","108.53","108.42","108.87","108.39","16.45M","0.26%"
"04/05/2023","108.25","107.77","108.37","107.41","23.05M","1.05%"
"04/04/2023","107.13","105.78","107.80","105.75","18.05M","0.50%"
"04/03/2023","106.60","105.88","107.10","105.70","18.23M","0.22%"
"03/31/2023","106.37","105.35","106.56","105.07","25.40M","1.50%"
"03/30/2023","104.80","104.46","105.05","104.27","14.32M","0.46%"
"03/29/2023","104.32","103.70","104.45","103.60","16.80M","-0.20%"
"03/28/2023","104.53","104.24","104.68","104.02","17.79M","0.18%"
"03/27/2023","104.34","105.05","105.76","104.32","22.22M","-2.35%"
"03/24/2023","106.85","107.09","107.43","106.26","23.66M","0.42%"
"03/23/2023","106.40","105.36","106.55","104.82","25.48M","0.00%"
"03/22/2023","106.40","104.66","106.45","104.44","26.39M","1.33%"
"03/21/2023","105.00","105.08","105.42","104.54","18.93M","-0.86%"
"03/20/2023","105.91","106.88","106.96","105.72","24.24M","-0.88%"
"03/17/2023","106.85","106.65","107.73","106.46","38.13M","1.50%"
"03/16/2023","105.27","107.38","108.03","105.04","43.10M","-0.78%"
"03/15/2023","106.10","106.78","107.71","105.35","45.16M","1.93%"
"03/14/2023","104.09","105.14","105.61","103.75","38.42M","-1.64%"
"03/13/2023","105.83","108.20","109.10","105.04","51.50M","0.23%"
"03/10/2023","105.59","104.03","105.69","104.00","43.92M","3.45%"
"03/09/2023","102.07","101.55","102.52","101.33","21.55M","0.25%"
"03/08/2023","101.82","102.40","102.97","101.42","20.25M","0.10%"
"03/07/2023","101.72","101.46","102.36","100.88","23.10M","0.61%"
"03/06/2023","101.10","102.22","102.34","100.99","16.63M","-0.78%"
"03/03/2023","101.89","100.93","101.90","100.57","30.88M","2.42%"
"03/02/2023","99.48","99.06","99.64","98.88","23.77M","-0.89%"
"03/01/2023","100.37","100.82","101.03","99.96","19.00M","-1.32%"
"02/28/2023","101.71","100.57","101.72","100.28","14.96M","0.45%"
"02/27/2023","101.25","101.29","101.70","100.91","14.21M","0.28%"
"02/24/2023","100.97","101.44","101.79","100.56","21.40M","-1.30%"
"02/23/2023","102.30","101.54","102.59","101.47","15.83M","0.98%"
"02/22/2023","101.31","100.99","101.69","100.95","15.17M","0.92%"
"02/21/2023","100.39","101.00","101.20","100.28","22.73M","-1.94%"
"02/17/2023","102.38","101.10","102.38","100.96","19.56M","0.78%"
"02/16/2023","101.59","102.07","102.22","101.33","19.27M","-1.42%"
"02/15/2023","103.05","103.55","103.95","102.50","15.57M","-0.93%"
"02/14/2023","104.02","104.20","104.83","103.14","15.44M","-0.23%"
"02/13/2023","104.26","103.71","104.42","103.58","13.13M","0.84%"
"02/10/2023","103.39","104.40","104.44","103.11","16.60M","-1.12%"
"02/09/2023","104.56","106.47","106.62","104.39","20.47M","-0.95%"
"02/08/2023","105.56","105.04","105.58","104.39","13.53M","0.48%"
"02/07/2023","105.06","105.33","106.23","105.00","18.29M","-0.80%"
"02/06/2023","105.91","105.75","106.31","105.68","15.18M","-0.74%"
"02/03/2023","106.70","106.77","107.11","106.08","20.62M","-1.50%"
"02/02/2023","108.32","108.92","109.35","108.08","19.55M","0.13%"
"02/01/2023","108.18","107.55","108.59","106.42","25.31M","0.94%"
"01/31/2023","107.17","106.98","107.28","105.87","13.71M","0.80%"
"01/30/2023","106.32","106.46","107.16","106.19","11.46M","-0.37%"
"01/27/2023","106.71","106.19","106.96","106.11","11.85M","-0.25%"
"01/26/2023","106.98","107.14","107.65","106.49","15.55M","-0.47%"
"01/25/2023","107.48","107.37","107.90","106.64","11.91M","0.24%"
"01/24/2023","107.22","106.12","107.45","105.39","16.42M","1.44%"
"01/23/2023","105.70","105.57","106.20","105.49","12.96M","-0.47%"
"01/20/2023","106.20","106.96","107.24","106.11","22.75M","-1.62%"
"01/19/2023","107.95","108.10","108.37","107.44","17.19M","-0.63%"
"01/18/2023","108.63","108.46","108.77","107.12","35.50M","2.42%"
"01/17/2023","106.06","105.67","106.66","105.65","13.91M","-0.65%"
"01/13/2023","106.75","107.10","107.80","106.38","17.75M","-0.94%"
"01/12/2023","107.76","105.82","107.81","104.56","32.03M","1.97%"
"01/11/2023","105.68","104.97","105.72","104.70","18.79M","1.63%"
"01/10/2023","103.99","104.53","104.82","103.50","20.55M","-1.66%"
"01/09/2023","105.74","104.41","105.93","104.27","21.47M","0.53%"
"01/06/2023","105.18","102.70","105.30","102.64","27.47M","1.84%"
"01/05/2023","103.28","101.87","103.29","101.78","14.77M","0.42%"
"01/04/2023","102.85","103.22","103.47","102.21","21.68M","1.37%"
"01/03/2023","101.46","102.20","102.34","100.84","25.31M","1.91%"
"12/30/2022","99.56","99.87","100.55","99.37","20.81M","-1.11%"
"12/29/2022","100.68","99.86","100.99","99.79","16.59M","1.14%"
"12/28/2022","99.55","100.65","100.78","99.35","17.30M","-0.59%"
"12/27/2022","100.14","100.49","101.07","100.01","26.48M","-1.98%"
"12/23/2022","102.16","102.58","102.81","102.02","15.41M","-1.47%"
"12/22/2022","103.68","103.67","104.12","103.38","11.32M","-0.02%"
"12/21/2022","103.70","104.29","104.40","102.96","15.89M","0.25%"
"12/20/2022","103.44","103.38","103.81","103.10","28.87M","-1.78%"
"12/19/2022","105.31","105.83","105.84","104.98","26.13M","-1.68%"
"12/16/2022","107.11","106.60","107.83","106.31","20.84M","-1.12%"
"12/15/2022","108.32","108.39","109.12","108.16","20.26M","0.15%"
"12/14/2022","108.16","107.66","108.32","106.89","19.52M","0.43%"
"12/13/2022","107.70","109.04","109.08","107.46","23.85M","0.97%"
"12/12/2022","106.67","107.86","108.11","106.26","16.90M","0.32%"
"12/09/2022","106.33","107.94","108.17","106.27","25.87M","-2.60%"
"12/08/2022","109.17","108.70","109.45","108.47","13.38M","-0.27%"
"12/07/2022","109.47","108.37","109.68","108.20","30.55M","2.36%"
"12/06/2022","106.95","106.50","107.39","106.19","21.75M","1.29%"
"12/05/2022","105.59","105.84","105.99","104.90","20.16M","-1.40%"
"12/02/2022","107.09","105.30","107.10","104.61","24.48M","1.26%"
"12/01/2022","105.76","103.15","105.81","103.10","53.16M","2.95%"
"11/30/2022","102.73","101.61","102.73","101.37","21.58M","0.74%"
"11/29/2022","101.98","102.15","102.96","101.91","16.58M","-1.17%"
"11/28/2022","103.19","103.61","103.81","102.68","14.57M","0.28%"
"11/25/2022","102.90","102.61","102.93","102.43","9.49M","-0.34%"
"11/23/2022","103.25","102.14","103.25","102.08","23.23M","1.74%"
"11/22/2022","101.48","100.65","101.62","100.53","18.10M","1.42%"
"11/21/2022","100.06","100.69","100.82","99.80","15.53M","0.42%"
"11/18/2022","99.64","100.60","100.89","99.54","14.94M","-0.69%"
"11/17/2022","100.33","100.20","100.57","99.78","24.54M","-1.06%"
"11/16/2022","101.40","100.02","101.45","99.74","28.51M","2.19%"
"11/15/2022","99.23","98.25","99.30","98.11","26.61M","1.62%"
"11/14/2022","97.65","97.91","97.99","97.09","13.71M","-0.25%"
"11/11/2022","97.89","97.57","98.37","97.54","15.94M","-0.37%"
"11/10/2022","98.25","96.72","98.43","96.64","45.38M","3.85%"
"11/09/2022","94.61","93.82","95.02","93.69","15.64M","0.33%"
"11/08/2022","94.30","93.80","94.96","93.77","20.36M","1.09%"
"11/07/2022","93.28","94.80","94.86","93.24","14.52M","-1.00%"
"11/04/2022","94.22","95.10","95.65","94.22","23.56M","-1.68%"
"11/03/2022","95.83","95.17","96.38","95.09","29.10M","-0.54%"
"11/02/2022","96.35","96.91","97.63","95.96","25.01M","-0.43%"
"11/01/2022","96.77","97.38","97.42","96.21","17.59M","0.69%"
"10/31/2022","96.11","96.36","96.62","95.03","23.96M","-0.71%"
"10/28/2022","96.80","96.86","97.63","96.41","22.24M","-0.69%"
"10/27/2022","97.47","96.98","97.90","96.21","20.27M","1.05%"
"10/26/2022","96.46","95.77","96.69","95.76","24.85M","1.44%"
"10/25/2022","95.09","94.58","95.22","94.44","31.21M","2.91%"
"10/24/2022","92.40","92.82","93.55","91.85","31.33M","-0.83%"
"10/21/2022","93.17","93.02","93.93","92.26","46.28M","-1.80%"
"10/20/2022","94.88","95.93","96.33","94.74","25.43M","-1.71%"
"10/19/2022","96.53","97.19","97.42","96.32","25.43M","-1.82%"
"10/18/2022","98.32","97.95","98.46","96.87","16.93M","0.23%"
"10/17/2022","98.09","99.29","99.66","97.94","18.97M","-0.49%"
"10/14/2022","98.57","100.19","100.19","98.25","18.73M","-0.83%"
"10/13/2022","99.39","98.36","100.38","98.34","30.29M","-0.96%"
"10/12/2022","100.35","99.28","100.54","99.19","21.45M","0.49%"
"10/11/2022","99.86","99.74","100.90","98.99","33.25M","0.44%"
"10/10/2022","99.42","100.50","100.51","98.79","15.65M","-1.55%"
"10/07/2022","100.99","100.81","101.62","100.47","14.81M","-0.97%"
"10/06/2022","101.98","102.59","102.84","101.53","13.97M","-0.56%"
"10/05/2022","102.55","102.73","102.84","101.58","20.52M","-0.96%"
"10/04/2022","103.54","104.15","104.65","103.30","13.79M","-0.28%"
"10/03/2022","103.83","103.85","104.68","103.15","27.19M","1.35%"
"09/30/2022","102.45","104.27","104.86","102.22","26.49M","-1.29%"
"09/29/2022","103.79","102.90","104.22","102.80","19.13M","-0.52%"
"09/28/2022","104.33","103.13","104.45","102.48","39.28M","3.35%"
"09/27/2022","100.95","102.71","102.98","100.90","34.61M","-2.63%"
"09/26/2022","103.68","105.36","105.41","103.22","25.10M","-1.91%"
"09/23/2022","105.70","105.34","106.43","104.56","23.04M","0.41%"
"09/22/2022","105.27","105.79","105.96","104.73","29.03M","-2.55%"
"09/21/2022","108.03","106.70","108.04","105.97","23.13M","1.68%"
"09/20/2022","106.25","105.69","106.84","105.40","20.13M","-1.00%"
"09/19/2022","107.32","106.96","107.82","106.80","11.08M","0.23%"
"09/16/2022","107.07","107.03","108.05","106.76","18.90M","-0.83%"
"09/15/2022","107.97","107.85","108.19","107.58","10.26M","-0.06%"
"09/14/2022","108.04","107.34","108.21","107.11","13.08M","0.34%"
"09/13/2022","107.67","106.56","107.74","106.24","22.16M","0.23%"
"09/12/2022","107.42","108.63","108.89","106.92","14.81M","-0.82%"
"09/09/2022","108.31","108.33","108.79","107.63","12.53M","0.22%"
"09/08/2022","108.07","108.84","109.52","108.05","14.67M","-1.03%"
"09/07/2022","109.19","108.32","109.48","108.21","17.05M","1.58%"
"09/06/2022","107.49","108.90","108.97","107.42","24.65M","-2.48%"
"09/02/2022","110.22","109.68","110.56","109.47","13.02M","0.57%"
"09/01/2022","109.60","109.87","110.25","108.94","22.49M","-2.04%"
"08/31/2022","111.88","112.69","113.34","111.57","13.62M","-0.96%"
"08/30/2022","112.96","112.62","113.51","112.21","14.35M","0.25%"
"08/29/2022","112.68","112.94","113.01","112.13","14.28M","-0.83%"
"08/26/2022","113.62","112.30","113.99","112.01","18.76M","0.75%"
"08/25/2022","112.77","111.32","113.09","110.99","21.43M","1.39%"
"08/24/2022","111.22","111.49","111.87","110.86","13.97M","-0.73%"
"08/23/2022","112.04","112.19","113.48","111.74","17.81M","-0.55%"
"08/22/2022","112.66","112.86","112.96","112.13","10.46M","-0.34%"
"08/19/2022","113.04","113.23","113.33","112.74","16.33M","-1.61%"
"08/18/2022","114.89","114.97","115.64","114.58","10.74M","0.15%"
"08/17/2022","114.72","115.06","115.10","114.31","14.13M","-1.04%"
"08/16/2022","115.93","115.25","116.02","114.24","11.07M","0.42%"
"08/15/2022","115.45","116.33","116.75","115.45","9.03M","-0.09%"
"08/12/2022","115.55","115.10","115.57","114.43","12.18M","1.01%"
"08/11/2022","114.39","116.87","117.06","114.09","20.66M","-2.33%"
"08/10/2022","117.12","117.73","118.91","116.73","14.67M","-0.65%"
"08/09/2022","117.89","117.73","118.36","117.46","8.22M","-0.39%"
"08/08/2022","118.35","117.64","118.53","117.56","17.48M","1.61%"
"08/05/2022","116.47","117.07","117.11","115.89","19.49M","-2.38%"
"08/04/2022","119.31","118.98","119.55","118.54","11.00M","-0.03%"
"08/03/2022","119.35","117.17","119.49","116.33","16.73M","1.57%"
"08/02/2022","117.50","120.15","120.69","117.29","17.90M","-2.12%"
"08/01/2022","120.04","118.25","120.10","118.08","17.97M","2.22%"
"07/29/2022","117.43","117.70","119.31","117.33","16.66M","-0.27%"
"07/28/2022","117.75","118.04","118.92","117.32","16.64M","0.80%"
"07/27/2022","116.82","118.01","118.49","116.71","15.73M","-0.56%"
"07/26/2022","117.48","118.86","119.24","117.39","13.54M","0.08%"
"07/25/2022","117.39","116.71","117.54","116.47","24.87M","-0.98%"
"07/22/2022","118.55","118.29","119.27","117.97","17.72M","1.68%"
"07/21/2022","116.59","115.19","116.72","115.01","14.75M","1.73%"
"07/20/2022","114.61","115.48","115.55","114.05","9.12M","0.26%"
"07/19/2022","114.31","114.91","115.15","113.66","9.28M","-0.54%"
"07/18/2022","114.93","115.25","115.32","114.18","15.84M","-1.04%"
"07/15/2022","116.14","115.84","116.82","115.60","16.02M","0.56%"
"07/14/2022","115.49","115.08","116.16","114.47","15.66M","-0.82%"
"07/13/2022","116.44","113.77","116.65","113.45","20.59M","1.15%"
"07/12/2022","115.12","115.51","116.23","114.97","18.55M","0.59%"
"07/11/2022","114.44","113.79","114.79","113.70","13.64M","1.72%"
"07/08/2022","112.50","113.50","113.50","112.05","15.32M","-1.11%"
"07/07/2022","113.76","115.10","115.17","113.51","13.09M","-0.88%"
"07/06/2022","114.77","117.39","117.54","114.77","20.21M","-1.68%"
"07/05/2022","116.73","116.89","117.75","116.17","16.69M","0.79%"
"07/01/2022","115.82","115.90","117.59","115.22","21.86M","0.83%"
"06/30/2022","114.87","114.86","115.77","114.75","25.80M","0.88%"
"06/29/2022","113.87","112.38","113.90","112.17","12.93M","1.56%"
"06/28/2022","112.12","111.29","112.18","110.87","13.71M","0.47%"
"06/27/2022","111.60","111.22","112.22","111.16","12.05M","-0.85%"
"06/24/2022","112.56","113.46","114.17","112.50","18.16M","-1.38%"
"06/23/2022","114.14","113.90","115.17","113.49","20.67M","0.82%"
"06/22/2022","113.21","112.69","113.31","112.38","23.70M","2.75%"
"06/21/2022","110.18","110.09","111.01","109.81","17.66M","-1.70%"
"06/17/2022","112.08","112.01","112.83","110.96","21.61M","0.32%"
"06/16/2022","111.72","108.45","111.72","108.11","26.07M","0.79%"
"06/15/2022","110.84","110.08","110.99","109.03","25.20M","1.87%"
"06/14/2022","108.81","110.53","110.98","108.59","21.87M","-1.26%"
"06/13/2022","110.20","111.49","111.67","109.24","36.97M","-3.14%"
"06/10/2022","113.77","114.36","114.61","112.96","21.92M","-0.62%"
"06/09/2022","114.48","113.83","114.71","113.68","15.53M","0.33%"
"06/08/2022","114.10","114.68","115.13","114.08","11.48M","-0.89%"
"06/07/2022","115.12","114.61","115.78","114.58","14.28M","1.08%"
"06/06/2022","113.89","115.15","115.51","113.81","20.82M","-1.84%"
"06/03/2022","116.03","115.09","116.06","114.87","15.33M","-0.21%"
"06/02/2022","116.28","116.63","116.71","115.46","9.83M","0.05%"
"06/01/2022","116.22","117.03","117.34","115.69","15.54M","-0.29%"
"05/31/2022","116.56","117.18","117.23","115.93","28.39M","-2.12%"
"05/27/2022","119.08","119.36","119.74","118.74","11.19M","0.24%"
"05/26/2022","118.79","119.02","119.09","117.80","14.91M","-0.45%"
"05/25/2022","119.33","119.61","119.62","118.59","14.41M","0.40%"
"05/24/2022","118.86","117.90","119.64","117.86","23.39M","1.97%"
"05/23/2022","116.56","117.71","118.25","116.54","15.93M","-1.65%"
"05/20/2022","118.51","117.09","119.02","117.06","22.78M","1.14%"
"05/19/2022","117.18","118.64","118.72","116.85","21.94M","0.24%"
"05/18/2022","116.90","114.72","117.00","114.61","21.34M","2.13%"
"05/17/2022","114.46","114.71","115.35","114.36","15.04M","-1.21%"
"05/16/2022","115.86","116.21","116.93","115.85","11.05M","-0.10%"
"05/13/2022","115.98","116.98","117.15","115.90","20.78M","-1.48%"
"05/12/2022","117.72","118.02","118.89","117.65","26.41M","-0.19%"
"05/11/2022","117.94","114.74","117.94","114.44","34.17M","1.93%"
"05/10/2022","115.71","115.89","116.96","115.48","33.64M","0.91%"
"05/09/2022","114.67","112.86","114.71","112.62","26.77M","0.88%"
"05/06/2022","113.67","114.14","115.04","113.31","32.79M","-1.47%"
"05/05/2022","115.37","116.35","116.47","114.01","48.38M","-2.74%"
"05/04/2022","118.62","117.97","118.96","117.35","25.58M","0.55%"
"05/03/2022","117.97","119.04","119.31","117.89","21.26M","0.67%"
"05/02/2022","117.18","117.86","118.27","116.93","29.23M","-1.90%"
"04/29/2022","119.45","119.31","120.97","119.11","26.15M","-1.30%"
"04/28/2022","121.02","120.39","121.07","120.01","16.89M","0.15%"
"04/27/2022","120.84","122.19","122.32","120.77","14.56M","-1.28%"
"04/26/2022","122.41","122.44","123.03","121.76","26.93M","1.01%"
"04/25/2022","121.19","121.38","122.18","121.13","25.42M","1.00%"
"04/22/2022","119.99","120.07","121.44","119.81","19.77M","-0.63%"
"04/21/2022","120.75","120.83","120.91","119.17","23.32M","-0.74%"
"04/20/2022","121.65","120.22","121.96","119.92","31.42M","2.01%"
"04/19/2022","119.25","119.15","119.72","118.67","26.01M","-0.75%"
"04/18/2022","120.15","120.87","121.08","119.69","18.78M","-0.50%"
"04/14/2022","120.75","122.86","122.93","120.38","34.27M","-2.00%"
"04/13/2022","123.22","123.05","124.30","122.89","17.19M","0.20%"
"04/12/2022","122.97","124.05","124.16","122.67","23.12M","-0.14%"
"04/11/2022","123.14","123.92","124.19","122.56","30.02M","-1.58%"
"04/08/2022","125.12","125.45","125.83","124.26","26.86M","-1.08%"
"04/07/2022","126.49","126.11","126.67","125.41","23.46M","-0.75%"
"04/06/2022","127.45","126.43","128.30","126.40","22.95M","-0.81%"
"04/05/2022","128.49","130.76","130.77","128.29","25.20M","-2.26%"
"04/04/2022","131.46","131.93","131.98","130.71","13.61M","-0.69%"
"04/01/2022","132.38","130.01","132.96","129.71","23.49M","0.23%"
"03/31/2022","132.08","131.98","132.67","131.66","19.90M","0.24%"
"03/30/2022","131.76","130.07","132.01","129.99","16.31M","0.78%"
"03/29/2022","130.74","130.56","131.55","129.74","19.32M","0.76%"
"03/28/2022","129.76","129.39","130.56","129.04","17.66M","0.85%"
"03/25/2022","128.66","129.50","129.52","127.65","25.69M","-1.39%"
"03/24/2022","130.47","129.65","131.18","129.60","17.14M","-0.78%"
"03/23/2022","131.50","129.37","131.60","128.86","21.27M","2.19%"
"03/22/2022","128.68","128.96","129.34","128.34","21.83M","-1.28%"
"03/21/2022","130.35","131.28","131.67","129.75","26.12M","-2.32%"
"03/18/2022","133.44","132.57","133.54","132.57","55.89M","1.22%"
"03/17/2022","131.83","132.82","133.34","131.07","19.33M","-0.75%"
"03/16/2022","132.82","131.83","133.13","130.32","25.86M","0.98%"
"03/15/2022","131.53","132.86","133.15","131.19","17.52M","-0.17%"
"03/14/2022","131.76","132.70","132.89","131.72","24.38M","-2.33%"
"03/11/2022","134.91","134.33","135.45","134.21","15.58M","0.33%"
"03/10/2022","134.46","134.83","135.17","133.72","26.87M","-1.44%"
"03/09/2022","136.42","137.07","137.34","136.13","18.82M","-0.98%"
"03/08/2022","137.77","137.51","138.25","137.25","28.33M","-1.01%"
"03/07/2022","139.17","139.12","140.64","138.77","23.71M","-0.76%"
"03/04/2022","140.24","140.36","140.82","139.30","25.85M","1.73%"
"03/03/2022","137.86","137.49","138.70","137.02","20.65M","1.02%"
"03/02/2022","136.47","139.84","140.42","136.41","30.40M","-3.42%"
"03/01/2022","141.30","140.36","142.33","140.00","35.66M","1.02%"
"02/28/2022","139.87","138.43","140.04","138.32","25.82M","2.19%"
"02/25/2022","136.87","136.86","137.31","136.18","15.03M","0.07%"
"02/24/2022","136.77","139.10","139.37","136.25","28.15M","0.07%"
"02/23/2022","136.68","137.68","137.85","136.57","17.76M","-1.38%"
"02/22/2022","138.59","137.69","138.67","137.47","19.53M","0.26%"
"02/18/2022","138.23","137.52","138.37","137.16","17.52M","1.05%"
"02/17/2022","136.79","136.45","137.57","135.90","24.51M","0.74%"
"02/16/2022","135.78","135.95","136.07","134.51","16.47M","0.59%"
"02/15/2022","134.98","135.60","135.84","134.94","18.20M","-1.14%"
"02/14/2022","136.53","137.13","137.74","135.97","23.16M","-1.24%"
"02/11/2022","138.25","136.87","138.51","135.36","43.21M","1.48%"
"02/10/2022","136.23","137.66","137.83","135.84","30.90M","-1.59%"
"02/09/2022","138.43","138.72","139.37","138.19","14.35M","0.19%"
"02/08/2022","138.17","138.21","138.58","137.82","16.27M","-0.67%"
"02/07/2022","139.10","138.91","139.31","138.55","12.96M","0.06%"
"02/04/2022","139.01","139.85","140.14","138.78","23.61M","-1.47%"
"02/03/2022","141.09","140.44","141.48","140.18","17.23M","-0.78%"
"02/02/2022","142.20","141.95","143.57","141.93","18.40M","0.34%"
"02/01/2022","141.72","142.28","142.36","141.05","20.81M","-0.47%"
"01/31/2022","142.39","142.18","142.95","141.96","14.00M","-0.52%"
"01/28/2022","143.13","142.09","143.46","141.85","12.83M","0.03%"
"01/27/2022","143.08","142.41","143.37","142.33","21.50M","1.84%"
"01/26/2022","140.50","142.26","142.57","140.49","23.66M","-1.21%"
"01/25/2022","142.22","143.11","143.71","141.80","15.60M","-0.16%"
"01/24/2022","142.45","144.30","144.37","142.43","25.01M","-0.82%"
"01/21/2022","143.63","143.40","144.10","142.67","28.92M","1.19%"
"01/20/2022","141.94","141.37","141.99","141.09","13.96M","0.62%"
"01/19/2022","141.07","140.53","141.71","140.31","17.93M","0.69%"
"01/18/2022","140.10","140.96","141.31","140.02","21.17M","-1.41%"
"01/14/2022","142.10","143.42","143.46","141.79","23.00M","-1.51%"
"01/13/2022","144.28","143.39","144.42","143.03","15.17M","0.89%"
"01/12/2022","143.01","143.90","144.01","142.99","14.44M","-0.38%"
"01/11/2022","143.56","142.88","143.63","142.70","24.39M","0.67%"
"01/10/2022","142.61","141.65","142.80","141.36","13.78M","0.25%"
"01/07/2022","142.26","143.13","143.24","141.56","18.76M","-0.72%"
"01/06/2022","143.29","142.59","143.44","142.29","19.00M","0.26%"
"01/05/2022","142.92","144.14","144.16","142.71","20.91M","-0.54%"
"01/04/2022","143.70","143.61","144.13","142.74","22.00M","-0.42%"
"01/03/2022","144.30","146.41","146.94","144.28","33.86M","-2.63%"
"12/31/2021","148.19","147.81","149.03","147.43","13.40M","0.20%"
"12/30/2021","147.90","147.25","147.97","146.45","10.36M","0.84%"
"12/29/2021","146.67","146.91","147.31","146.41","11.77M","-1.09%"
"12/28/2021","148.29","149.60","149.78","148.01","9.18M","-0.40%"
"12/27/2021","148.88","148.46","149.01","148.32","7.82M","0.24%"
"12/23/2021","148.52","149.59","149.60","148.03","11.64M","-0.87%"
"12/22/2021","149.82","149.73","149.86","149.02","12.25M","0.46%"
"12/21/2021","149.13","148.14","149.20","147.62","16.60M","-0.38%"
"12/20/2021","149.70","150.75","151.02","149.60","17.15M","-0.75%"
"12/17/2021","150.83","150.34","150.98","150.16","18.09M","1.13%"
"12/16/2021","149.14","148.75","149.88","148.73","18.68M","-0.07%"
"12/15/2021","149.25","149.61","150.79","149.13","25.38M","-0.96%"
"12/14/2021","150.70","150.37","150.93","149.31","14.02M","-0.24%"
"12/13/2021","151.06","150.39","151.30","150.31","17.86M","1.48%"
"12/10/2021","148.86","149.92","150.24","148.81","14.30M","-0.24%"
"12/09/2021","149.22","149.34","149.84","148.48","17.54M","0.56%"
"12/08/2021","148.39","150.47","150.48","148.36","33.63M","-1.73%"
"12/07/2021","151.00","151.72","152.52","150.86","22.12M","-0.81%"
"12/06/2021","152.23","154.05","154.35","151.93","30.92M","-1.37%"
"12/03/2021","154.35","151.68","155.12","151.35","34.43M","1.19%"
"12/02/2021","152.53","152.93","152.99","150.76","17.75M","0.12%"
"12/01/2021","152.34","150.49","152.41","149.79","30.84M","0.49%"
"11/30/2021","151.59","150.83","152.07","150.25","31.48M","1.52%"
"11/29/2021","149.32","148.31","149.63","148.17","23.23M","-0.80%"
"11/26/2021","150.53","148.83","150.68","148.67","20.06M","2.53%"
"11/24/2021","146.82","144.94","146.82","144.79","13.77M","1.61%"
"11/23/2021","144.50","145.93","146.11","144.50","15.32M","-1.45%"
"11/22/2021","146.62","147.40","147.64","146.13","15.27M","-1.17%"
"11/19/2021","148.36","147.58","148.60","147.58","14.02M","1.06%"
"11/18/2021","146.81","145.99","146.90","145.95","11.06M","0.38%"
"11/17/2021","146.26","144.57","146.29","144.46","14.24M","0.79%"
"11/16/2021","145.11","145.69","146.38","144.85","13.00M","-0.25%"
"11/15/2021","145.48","146.89","146.96","145.22","15.23M","-1.26%"
"11/12/2021","147.33","148.00","148.51","146.76","12.71M","-0.44%"
"11/11/2021","147.98","148.51","148.65","147.89","5.55M","-0.15%"
"11/10/2021","148.20","150.83","150.93","147.03","28.17M","-1.83%"
"11/09/2021","150.96","150.80","151.77","150.64","23.43M","1.30%"
"11/08/2021","149.02","148.96","149.28","148.51","12.08M","-0.19%"
"11/05/2021","149.30","148.52","149.58","148.13","21.51M","1.50%"
"11/04/2021","147.10","145.87","147.36","145.85","15.92M","1.05%"
"11/03/2021","145.57","147.82","147.98","145.53","20.64M","-1.03%"
"11/02/2021","147.09","146.50","147.57","146.50","9.84M","0.44%"
"11/01/2021","146.44","145.80","146.76","145.70","18.04M","-0.85%"
"10/29/2021","147.69","146.47","148.00","146.32","19.09M","0.31%"
"10/28/2021","147.24","147.79","148.33","146.84","17.50M","-0.34%"
"10/27/2021","147.74","146.40","148.18","145.93","22.09M","1.82%"
"10/26/2021","145.10","144.62","145.10","143.74","13.67M","0.83%"
"10/25/2021","143.91","143.67","144.30","143.63","8.14M","-0.15%"
"10/22/2021","144.13","143.45","144.40","143.21","13.74M","1.10%"
"10/21/2021","142.56","143.00","143.15","142.23","13.66M","-0.12%"
"10/20/2021","142.73","143.25","143.68","142.51","12.78M","-0.68%"
"10/19/2021","143.70","144.66","144.73","143.65","12.16M","-1.38%"
"10/18/2021","145.71","145.00","146.00","144.52","12.12M","0.47%"
"10/15/2021","145.03","145.00","145.14","144.47","11.81M","-0.58%"
"10/14/2021","145.88","145.37","145.96","144.95","12.95M","0.37%"
"10/13/2021","145.34","144.61","145.53","144.58","23.58M","0.97%"
"10/12/2021","143.94","142.63","144.01","142.48","17.97M","1.71%"
"10/11/2021","141.52","141.60","141.90","141.45","7.21M","-0.25%"
"10/08/2021","141.88","142.26","142.35","141.52","17.26M","-0.70%"
"10/07/2021","142.88","143.18","143.34","142.59","14.86M","-1.05%"
"10/06/2021","144.39","144.23","144.71","144.02","18.70M","0.56%"
"10/05/2021","143.58","144.60","144.70","143.46","22.66M","-0.97%"
"10/04/2021","144.98","144.67","145.46","144.10","28.03M","-0.25%"
"10/01/2021","145.35","144.85","145.40","144.20","26.15M","0.71%"
"09/30/2021","144.32","144.10","144.51","143.65","22.57M","-0.01%"
"09/29/2021","144.34","144.80","145.43","143.69","23.57M","0.17%"
"09/28/2021","144.09","144.33","145.07","143.64","26.61M","-1.56%"
"09/27/2021","146.37","146.06","146.87","145.88","13.46M","-0.37%"
"09/24/2021","146.91","147.84","147.85","146.74","20.20M","-0.98%"
"09/23/2021","148.36","150.42","150.45","148.34","23.85M","-2.26%"
"09/22/2021","151.79","150.79","151.79","150.44","22.28M","0.60%"
"09/21/2021","150.89","150.71","150.96","150.20","10.04M","-0.09%"
"09/20/2021","151.02","150.57","151.37","150.23","14.66M","1.24%"
"09/17/2021","149.17","149.18","149.36","148.70","13.78M","-0.48%"
"09/16/2021","149.89","149.67","150.45","149.50","13.33M","-0.46%"
"09/15/2021","150.58","151.21","151.25","149.93","11.94M","-0.35%"
"09/14/2021","151.11","149.73","151.57","149.58","19.92M","1.21%"
"09/13/2021","149.30","149.04","149.49","148.95","15.04M","0.61%"
"09/10/2021","148.40","148.90","149.17","148.16","14.89M","-0.88%"
"09/09/2021","149.72","148.17","149.89","147.85","20.32M","1.21%"
"09/08/2021","147.93","147.66","148.19","147.39","14.53M","0.68%"
"09/07/2021","146.93","147.26","147.52","146.65","15.55M","-0.84%"
"09/03/2021","148.18","148.27","148.51","147.94","12.93M","-0.91%"
"09/02/2021","149.54","149.24","149.55","148.75","9.77M","0.44%"
"09/01/2021","148.89","149.27","149.39","148.49","10.81M","0.04%"
"08/31/2021","148.83","149.67","150.09","148.50","15.26M","-0.68%"
"08/30/2021","149.85","148.99","149.90","148.93","10.60M","0.26%"
"08/27/2021","149.46","148.57","149.49","148.33","15.38M","0.68%"
"08/26/2021","148.45","147.96","148.57","147.51","16.66M","0.28%"
"08/25/2021","148.04","149.21","149.37","147.58","16.74M","-0.83%"
"08/24/2021","149.28","149.76","150.07","149.28","13.84M","-0.78%"
"08/23/2021","150.45","150.20","150.49","149.92","10.62M","-0.07%"
"08/20/2021","150.55","150.59","150.81","150.11","12.39M","0.07%"
"08/19/2021","150.45","150.31","150.46","149.81","15.47M","0.74%"
"08/18/2021","149.35","148.71","149.47","148.45","13.14M","0.34%"
"08/17/2021","148.85","148.88","149.47","148.67","14.13M","-0.04%"
"08/16/2021","148.91","149.19","150.02","148.81","19.17M","0.24%"
"08/13/2021","148.55","146.83","148.56","146.81","18.65M","1.58%"
"08/12/2021","146.24","146.09","146.44","145.43","14.71M","-0.16%"
"08/11/2021","146.48","146.41","147.23","145.71","17.23M","-0.06%"
"08/10/2021","146.57","147.49","147.57","146.56","13.72M","-0.46%"
"08/09/2021","147.25","148.15","148.56","147.23","12.94M","-0.36%"
"08/06/2021","147.78","148.32","148.76","147.69","21.14M","-1.67%"
"08/05/2021","150.29","150.76","150.92","150.00","15.35M","-0.51%"
"08/04/2021","151.06","151.50","151.82","149.72","18.27M","0.21%"
"08/03/2021","150.75","150.75","151.23","150.39","13.36M","0.05%"
"08/02/2021","150.67","149.45","151.23","149.18","21.23M","0.77%"
"07/30/2021","149.52","149.13","149.72","149.06","14.34M","0.47%"
"07/29/2021","148.82","148.78","149.22","148.53","11.53M","-0.55%"
"07/28/2021","149.65","148.67","149.67","148.27","14.35M","0.01%"
"07/27/2021","149.64","149.33","149.69","148.99","13.04M","1.07%"
"07/26/2021","148.06","148.99","149.06","147.88","10.74M","-0.30%"
"07/23/2021","148.50","147.94","148.65","147.89","12.64M","-0.67%"
"07/22/2021","149.50","148.11","149.80","148.06","18.14M","0.95%"
"07/21/2021","148.10","148.18","148.50","146.67","19.99M","-1.27%"
"07/20/2021","150.00","152.53","152.71","149.76","25.67M","-0.96%"
"07/19/2021","151.46","150.95","151.95","150.62","40.20M","2.19%"
"07/16/2021","148.21","147.34","148.34","147.32","12.79M","-0.19%"
"07/15/2021","148.49","147.95","148.60","147.03","18.46M","1.10%"
"07/14/2021","146.87","146.01","146.92","145.81","16.04M","1.14%"
"07/13/2021","145.22","146.82","147.46","144.64","23.34M","-0.77%"
"07/12/2021","146.34","147.09","147.23","146.17","10.61M","-0.13%"
"07/09/2021","146.53","146.87","146.99","146.49","14.48M","-1.41%"
"07/08/2021","148.62","148.88","149.44","148.17","17.49M","0.39%"
"07/07/2021","148.04","147.57","148.56","147.22","20.96M","0.89%"
"07/06/2021","146.74","145.72","146.99","145.71","20.04M","1.17%"
"07/02/2021","145.04","144.23","145.04","144.11","9.65M","0.60%"
"07/01/2021","144.17","143.98","144.31","143.53","10.81M","-0.12%"
"06/30/2021","144.35","144.25","144.93","144.07","15.71M","0.45%"
"06/29/2021","143.71","143.10","143.72","143.04","11.22M","0.17%"
"06/28/2021","143.47","142.72","143.80","142.70","11.46M","1.03%"
"06/25/2021","142.01","143.26","143.40","141.37","15.56M","-1.04%"
"06/24/2021","143.50","143.42","143.90","143.33","8.79M","0.16%"
"06/23/2021","143.27","143.11","143.50","142.71","12.04M","-0.26%"
"06/22/2021","143.64","142.17","143.68","142.12","14.53M","0.24%"
"06/21/2021","143.29","144.39","144.49","143.02","16.49M","-1.67%"
"06/18/2021","145.73","144.28","146.04","144.12","26.62M","1.88%"
"06/17/2021","143.04","141.86","144.93","141.64","35.23M","1.50%"
"06/16/2021","140.93","141.40","141.67","140.21","19.68M","-0.09%"
"06/15/2021","141.05","140.80","141.09","140.48","18.21M","-0.12%"
"06/14/2021","141.22","142.10","142.10","141.01","9.40M","-0.77%"
"06/11/2021","142.31","142.30","142.40","141.84","8.65M","-0.16%"
"06/10/2021","142.54","140.83","142.56","140.68","19.70M","0.60%"
"06/09/2021","141.69","141.76","142.15","141.25","12.77M","0.88%"
"06/08/2021","140.45","140.65","140.66","140.21","11.23M","0.70%"
"06/07/2021","139.47","139.59","139.71","139.32","7.80M","-0.31%"
"06/04/2021","139.90","138.52","139.90","138.52","15.77M","1.37%"
"06/03/2021","138.01","138.51","138.51","137.85","10.99M","-0.38%"
"06/02/2021","138.53","138.55","138.79","138.32","7.35M","0.23%"
"06/01/2021","138.21","137.82","138.26","137.25","11.78M","-0.17%"
"05/28/2021","138.44","138.58","139.30","138.34","10.26M","-0.16%"
"05/27/2021","138.65","138.50","138.69","137.99","10.70M","-0.41%"
"05/26/2021","139.22","139.59","139.91","138.88","9.79M","-0.17%"
"05/25/2021","139.46","138.63","139.50","138.62","12.35M","0.93%"
"05/24/2021","138.18","137.99","138.58","137.89","6.74M","0.37%"
"05/21/2021","137.67","137.66","137.70","137.06","10.17M","0.32%"
"05/20/2021","137.23","136.76","137.49","136.67","13.31M","0.82%"
"05/19/2021","136.11","136.54","137.30","135.62","14.30M","-0.24%"
"05/18/2021","136.44","136.40","136.57","136.07","11.42M","-0.26%"
"05/17/2021","136.79","136.83","137.17","136.57","6.11M","-0.21%"
"05/14/2021","137.08","136.53","137.08","136.22","17.57M","0.94%"
"05/13/2021","135.81","135.93","136.37","135.63","13.07M","0.15%"
"05/12/2021","135.60","136.67","136.80","135.36","20.86M","-1.05%"
"05/11/2021","137.04","137.23","137.48","136.77","15.16M","-0.57%"
"05/10/2021","137.82","138.95","139.25","137.69","15.15M","-1.01%"
"05/07/2021","139.23","140.10","140.60","138.91","18.35M","-0.49%"
"05/06/2021","139.92","139.25","140.19","139.20","21.91M","0.16%"
"05/05/2021","139.69","139.03","139.85","138.92","11.13M","0.16%"
"05/04/2021","139.46","139.49","140.16","139.15","18.64M","0.68%"
"05/03/2021","138.52","138.70","139.65","138.28","16.45M","-0.09%"
"04/30/2021","138.64","138.51","138.73","137.98","15.69M","0.23%"
"04/29/2021","138.32","137.45","138.36","137.13","17.18M","-0.30%"
"04/28/2021","138.73","138.65","138.89","137.96","15.26M","0.06%"
"04/27/2021","138.64","139.59","139.82","138.52","14.14M","-0.87%"
"04/26/2021","139.86","140.15","140.51","139.85","9.10M","-0.14%"
"04/23/2021","140.06","140.38","140.47","139.49","12.30M","-0.24%"
"04/22/2021","140.39","140.00","140.39","139.20","14.16M","0.44%"
"04/21/2021","139.78","139.54","139.91","139.07","11.90M","0.20%"
"04/20/2021","139.50","138.45","139.76","138.43","11.48M","0.46%"
"04/19/2021","138.86","138.74","139.31","138.55","13.89M","-0.29%"
"04/16/2021","139.26","139.10","139.73","138.93","15.24M","-0.78%"
"04/15/2021","140.35","139.49","140.98","139.46","23.90M","1.67%"
"04/14/2021","138.04","138.03","138.24","137.57","7.29M","-0.32%"
"04/13/2021","138.48","137.30","138.51","137.20","13.23M","0.75%"
"04/12/2021","137.45","137.46","137.53","137.10","7.66M","-0.04%"
"04/09/2021","137.51","137.50","138.19","137.09","8.72M","-0.36%"
"04/08/2021","138.01","137.39","138.07","137.36","7.85M","0.83%"
"04/07/2021","136.88","137.45","138.10","136.88","11.05M","-0.70%"
"04/06/2021","137.84","137.16","137.98","137.01","9.28M","0.68%"
"04/05/2021","136.91","136.55","136.97","135.94","8.24M","-0.44%"
"04/01/2021","137.51","136.55","137.62","136.30","14.89M","1.52%"
"03/31/2021","135.45","136.34","136.59","134.98","19.27M","-0.56%"
"03/30/2021","136.21","135.30","136.51","135.01","15.02M","0.52%"
"03/29/2021","135.50","136.83","136.85","134.97","13.97M","-0.85%"
"03/26/2021","136.66","136.42","137.24","136.22","8.43M","-0.35%"
"03/25/2021","137.14","138.39","138.65","137.09","20.78M","-0.79%"
"03/24/2021","138.23","137.06","138.28","136.95","13.86M","0.54%"
"03/23/2021","137.49","136.59","137.54","136.15","16.77M","0.90%"
"03/22/2021","136.26","135.69","136.41","135.37","17.05M","1.12%"
"03/19/2021","134.75","134.08","134.83","133.80","18.68M","0.62%"
"03/18/2021","133.92","133.31","134.47","133.19","21.62M","-1.01%"
"03/17/2021","135.29","135.15","135.52","134.15","27.11M","-0.75%"
"03/16/2021","136.31","137.02","137.12","135.75","15.57M","-0.40%"
"03/15/2021","136.86","136.49","137.09","136.41","11.37M","0.59%"
"03/12/2021","136.06","136.40","136.46","135.65","20.40M","-2.12%"
"03/11/2021","139.01","139.17","139.38","138.46","14.15M","-0.72%"
"03/10/2021","140.02","139.80","140.15","139.28","12.39M","0.20%"
"03/09/2021","139.74","139.27","139.82","138.97","14.46M","1.39%"
"03/08/2021","137.83","138.83","138.90","137.83","15.24M","-0.78%"
"03/05/2021","138.91","138.17","139.34","137.99","20.60M","0.19%"
"03/04/2021","138.64","139.63","139.94","137.96","22.37M","-0.64%"
"03/03/2021","139.54","139.38","140.15","138.76","19.76M","-1.08%"
"03/02/2021","141.07","140.40","141.13","140.29","12.48M","0.01%"
"03/01/2021","141.06","140.66","141.41","140.09","22.05M","-1.44%"
"02/26/2021","143.12","140.77","143.30","139.68","45.42M","3.31%"
"02/25/2021","138.54","139.52","139.92","136.61","52.62M","-1.63%"
"02/24/2021","140.84","139.35","141.18","139.16","17.36M","-0.66%"
"02/23/2021","141.77","141.52","142.50","141.14","12.66M","-0.29%"
"02/22/2021","142.18","143.03","143.74","141.72","13.20M","-0.76%"
"02/19/2021","143.27","144.06","144.32","142.85","12.74M","-1.33%"
"02/18/2021","145.20","144.61","145.60","144.32","10.76M","-0.40%"
"02/17/2021","145.79","145.95","146.38","144.98","11.20M","0.64%"
"02/16/2021","144.87","145.22","145.65","144.66","17.79M","-1.52%"
"02/12/2021","147.11","147.70","148.08","147.03","14.09M","-1.24%"
"02/11/2021","148.96","149.68","149.79","148.75","11.96M","-0.55%"
"02/10/2021","149.78","149.28","149.78","149.14","8.08M","0.67%"
"02/09/2021","148.79","149.22","149.67","148.65","5.22M","0.07%"
"02/08/2021","148.68","148.30","149.26","148.04","11.57M","0.44%"
"02/05/2021","148.03","149.10","149.57","148.02","10.26M","-0.84%"
"02/04/2021","149.28","149.16","149.49","148.80","8.26M","-0.27%"
"02/03/2021","149.68","150.43","150.59","149.58","9.63M","-0.89%"
"02/02/2021","151.02","150.74","151.09","150.52","9.18M","-0.64%"
"02/01/2021","152.00","151.66","152.36","151.49","8.17M","0.00%"
"01/29/2021","152.00","151.42","152.49","151.30","14.97M","-0.60%"
"01/28/2021","152.92","153.40","153.46","152.16","10.67M","-0.55%"
"01/27/2021","153.77","154.07","154.50","153.53","7.90M","0.25%"
"01/26/2021","153.38","153.10","153.60","152.92","7.69M","-0.19%"
"01/25/2021","153.67","152.76","153.69","152.63","8.71M","1.18%"
"01/22/2021","151.88","151.85","152.01","151.42","9.51M","0.32%"
"01/21/2021","151.39","151.44","151.75","151.10","8.16M","-0.70%"
"01/20/2021","152.46","151.99","152.48","151.79","5.37M","0.10%"
"01/19/2021","152.31","151.62","152.36","151.51","9.58M","0.32%"
"01/15/2021","151.82","152.18","152.36","151.47","11.62M","0.40%"
"01/14/2021","151.22","152.58","152.64","150.79","14.84M","-0.94%"
"01/13/2021","152.65","151.66","153.07","151.57","12.53M","1.13%"
"01/12/2021","150.95","150.79","151.16","149.93","12.19M","-0.08%"
"01/11/2021","151.07","151.00","151.21","150.49","8.38M","-0.17%"
"01/08/2021","151.32","151.48","151.96","150.66","13.62M","-0.32%"
"01/07/2021","151.81","151.79","152.17","151.26","14.65M","-0.88%"
"01/06/2021","153.16","153.82","153.85","152.29","22.83M","-2.05%"
"01/05/2021","156.37","156.95","156.95","155.66","10.46M","-0.74%"
"01/04/2021","157.54","156.67","158.18","156.54","13.15M","-0.12%"
"12/31/2020","157.73","157.46","158.08","157.45","7.74M","0.15%"
"12/30/2020","157.50","156.82","157.53","156.68","9.10M","0.22%"
"12/29/2020","157.16","156.39","157.29","156.36","9.03M","-0.13%"
"12/28/2020","157.36","156.38","157.45","156.10","7.79M","0.04%"
"12/24/2020","157.29","156.90","157.43","156.85","3.12M","0.40%"
"12/23/2020","156.67","156.62","156.69","155.46","9.27M","-0.69%"
"12/22/2020","157.76","157.56","157.83","157.08","7.38M","0.52%"
"12/21/2020","156.95","157.20","157.34","156.45","8.99M","0.40%"
"12/18/2020","156.33","157.12","157.38","156.18","6.51M","-0.30%"
"12/17/2020","156.80","158.13","158.46","156.43","9.42M","-0.37%"
"12/16/2020","157.38","156.58","157.89","156.39","9.95M","-0.27%"
"12/15/2020","157.80","157.78","158.39","157.31","6.85M","-0.33%"
"12/14/2020","158.33","157.49","158.69","157.11","7.54M","-0.28%"
"12/11/2020","158.77","158.65","159.39","158.32","8.14M","0.35%"
"12/10/2020","158.21","157.24","158.29","156.83","10.03M","0.89%"
"12/09/2020","156.82","156.55","157.32","156.01","7.75M","-0.33%"
"12/08/2020","157.34","157.57","158.07","157.20","7.40M","0.47%"
"12/07/2020","156.60","156.35","156.88","156.18","9.32M","0.90%"
"12/04/2020","155.20","155.69","155.79","154.77","12.73M","-1.47%"
"12/03/2020","157.51","156.94","157.82","156.58","9.63M","0.81%"
"12/02/2020","156.25","156.88","156.93","155.48","12.11M","-0.79%"
"12/01/2020","157.50","158.55","158.74","156.68","13.66M","-1.57%"
"11/30/2020","160.02","160.03","160.53","159.76","13.07M","-0.12%"
"11/27/2020","160.22","159.61","160.27","159.58","4.71M","0.97%"
"11/25/2020","158.68","159.25","159.91","158.62","9.15M","-0.31%"
"11/24/2020","159.17","159.99","160.02","159.01","10.89M","-1.00%"
"11/23/2020","160.77","160.82","160.99","160.28","11.30M","-0.46%"
"11/20/2020","161.51","160.52","161.54","160.39","7.25M","0.89%"
"11/19/2020","160.09","159.97","160.72","159.84","10.62M","0.51%"
"11/18/2020","159.27","159.44","159.57","158.35","10.33M","0.29%"
"11/17/2020","158.81","158.77","159.16","158.59","7.44M","0.65%"
"11/16/2020","157.78","157.73","158.28","157.61","6.31M","-0.24%"
"11/13/2020","158.16","158.36","158.50","157.91","7.35M","-0.13%"
"11/12/2020","158.37","156.94","158.40","156.71","16.00M","1.70%"
"11/11/2020","155.72","155.02","155.94","154.97","5.89M","0.36%"
"11/10/2020","155.16","154.96","155.81","154.78","12.56M","-0.58%"
"11/09/2020","156.06","155.97","156.15","154.63","23.25M","-2.10%"
"11/06/2020","159.41","159.62","159.91","158.94","12.41M","-1.21%"
"11/05/2020","161.36","161.64","161.74","160.58","18.54M","0.17%"
"11/04/2020","161.08","161.64","162.17","160.54","21.57M","2.17%"
"11/03/2020","157.66","157.85","157.98","157.04","16.23M","-0.58%"
"11/02/2020","158.58","158.70","159.19","158.33","10.81M","0.64%"
"10/30/2020","157.57","159.03","159.35","157.57","13.10M","-0.99%"
"10/29/2020","159.14","160.73","160.83","158.47","11.93M","-0.97%"
"10/28/2020","160.70","161.38","161.46","160.20","11.77M","0.09%"
"10/27/2020","160.55","160.23","160.70","159.90","6.06M","0.67%"
"10/26/2020","159.48","159.21","160.02","159.01","7.23M","0.93%"
"10/23/2020","158.01","156.81","158.21","156.75","8.78M","0.61%"
"10/22/2020","157.05","158.29","158.63","156.97","12.67M","-1.04%"
"10/21/2020","158.70","158.79","159.37","158.37","10.45M","-0.35%"
"10/20/2020","159.25","159.86","160.01","158.95","11.19M","-0.95%"
"10/19/2020","160.78","160.50","160.98","160.05","9.29M","-0.38%"
"10/16/2020","161.39","161.66","162.32","161.10","8.42M","-0.28%"
"10/15/2020","161.84","163.04","163.19","161.64","9.46M","-0.17%"
"10/14/2020","162.12","162.33","162.75","161.97","6.96M","0.23%"
"10/13/2020","161.75","161.21","161.83","161.18","7.91M","0.72%"
"10/12/2020","160.60","160.43","160.68","160.11","3.96M","0.32%"
"10/09/2020","160.09","159.52","160.27","158.81","8.44M","-0.02%"
"10/08/2020","160.12","159.97","160.25","159.65","8.43M","0.54%"
"10/07/2020","159.26","159.56","160.42","158.86","9.43M","-0.73%"
"10/06/2020","160.43","159.33","161.40","158.68","22.42M","0.54%"
"10/05/2020","159.57","160.95","160.95","159.52","14.73M","-1.95%"
"10/02/2020","162.75","163.61","163.67","162.18","8.83M","-0.37%"
"10/01/2020","163.36","162.51","163.74","162.10","11.52M","0.06%"
"09/30/2020","163.26","164.00","164.00","162.55","12.97M","-0.96%"
"09/29/2020","164.84","164.80","165.24","164.56","10.30M","0.12%"
"09/28/2020","164.65","164.87","164.90","164.37","4.47M","-0.28%"
"09/25/2020","165.12","165.11","165.42","164.71","5.14M","0.00%"
"09/24/2020","165.12","164.96","165.12","164.62","8.28M","0.38%"
"09/23/2020","164.49","164.30","164.53","163.48","6.22M","0.13%"
"09/22/2020","164.27","164.44","164.88","163.87","10.52M","-0.08%"
"09/21/2020","164.40","164.89","165.40","164.13","11.09M","0.51%"
"09/18/2020","163.57","164.17","164.24","163.34","7.25M","-0.31%"
"09/17/2020","164.08","164.90","164.96","163.80","7.81M","0.31%"
"09/16/2020","163.58","164.78","164.89","162.98","8.82M","-0.30%"
"09/15/2020","164.07","164.17","164.47","163.79","6.93M","-0.24%"
"09/14/2020","164.47","164.79","165.08","164.23","4.27M","-0.01%"
"09/11/2020","164.48","164.31","164.57","164.08","5.46M","0.21%"
"09/10/2020","164.13","162.46","164.35","161.95","8.85M","0.51%"
"09/09/2020","163.30","163.94","164.25","162.76","9.56M","-0.27%"
"09/08/2020","163.74","164.37","165.26","163.74","13.79M","0.61%"
"09/04/2020","162.74","164.41","164.70","162.45","13.78M","-1.90%"
"09/03/2020","165.89","165.75","167.24","165.44","16.42M","0.28%"
"09/02/2020","165.42","163.51","165.56","163.49","15.17M","0.95%"
"09/01/2020","163.86","161.76","164.07","161.18","10.59M","1.03%"
"08/31/2020","162.19","161.60","163.25","161.56","11.39M","0.66%"
"08/28/2020","161.12","161.77","162.05","160.64","8.42M","-0.07%"
"08/27/2020","161.24","164.76","164.82","161.16","19.86M","-1.70%"
"08/26/2020","164.03","164.05","164.32","163.28","8.28M","-0.38%"
"08/25/2020","164.66","164.35","165.09","163.83","10.52M","-0.77%"
"08/24/2020","165.93","166.32","166.97","165.88","6.49M","-0.16%"
"08/21/2020","166.20","165.77","166.33","165.01","6.84M","0.60%"
"08/20/2020","165.21","165.41","165.64","164.95","10.32M","0.90%"
"08/19/2020","163.73","165.37","165.61","163.30","12.50M","-0.63%"
"08/18/2020","164.76","164.36","164.87","164.09","8.14M","0.72%"
"08/17/2020","163.59","163.99","164.44","163.44","6.90M","0.25%"
"08/14/2020","163.18","163.81","164.15","163.16","6.40M","-0.39%"
"08/13/2020","163.82","165.29","165.57","163.18","12.74M","-1.07%"
"08/12/2020","165.59","165.70","166.07","164.99","11.70M","-0.90%"
"08/11/2020","167.10","167.17","167.49","165.89","19.23M","-1.19%"
"08/10/2020","169.12","170.22","170.25","169.07","6.40M","-0.45%"
"08/07/2020","169.88","171.28","171.50","169.58","8.18M","-0.67%"
"08/06/2020","171.02","171.40","172.24","170.62","9.48M","0.56%"
"08/05/2020","170.07","170.10","170.55","169.69","6.95M","-0.87%"
"08/04/2020","171.57","170.83","171.58","170.72","9.52M","0.95%"
"08/03/2020","169.95","169.21","169.99","168.99","9.07M","-0.61%"
"07/31/2020","171.00","170.15","171.46","169.94","8.89M","-0.06%"
"07/30/2020","171.11","171.07","171.26","170.75","9.38M","0.66%"
"07/29/2020","169.99","170.05","170.39","168.98","6.73M","-0.17%"
"07/28/2020","170.28","169.54","170.34","169.43","8.15M","0.69%"
"07/27/2020","169.11","170.25","170.30","168.99","6.14M","-0.37%"
"07/24/2020","169.74","169.01","169.92","168.87","7.52M","-0.01%"
"07/23/2020","169.75","168.92","169.88","168.48","10.47M","1.17%"
"07/22/2020","167.79","168.26","168.46","167.69","6.59M","0.30%"
"07/21/2020","167.29","167.30","167.72","167.07","8.43M","0.06%"
"07/20/2020","167.19","167.51","167.62","166.80","6.91M","0.25%"
"07/17/2020","166.78","167.27","167.40","166.47","8.55M","-0.21%"
"07/16/2020","167.13","167.43","167.76","167.04","9.11M","0.47%"
"07/15/2020","166.34","165.88","166.94","165.84","7.84M","-0.47%"
"07/14/2020","167.12","167.93","168.14","166.98","11.31M","0.14%"
"07/13/2020","166.88","165.50","166.96","165.23","8.02M","0.33%"
"07/10/2020","166.33","167.95","168.21","166.16","8.48M","-0.50%"
"07/09/2020","167.17","164.66","167.45","164.60","12.35M","1.59%"
"07/08/2020","164.55","164.32","164.92","163.83","7.25M","-0.40%"
"07/07/2020","165.21","163.42","165.34","163.20","12.79M","1.41%"
"07/06/2020","162.92","162.32","163.01","161.79","7.97M","-0.41%"
"07/02/2020","163.59","162.70","163.74","162.24","7.60M","0.10%"
"07/01/2020","163.42","162.81","163.56","162.15","13.18M","-0.31%"
"06/30/2020","163.93","165.20","165.28","163.49","14.84M","-0.49%"
"06/29/2020","164.73","164.85","165.27","164.38","7.20M","-0.31%"
"06/26/2020","165.25","164.25","165.32","164.18","12.12M","1.07%"
"06/25/2020","163.50","164.22","164.35","163.40","10.97M","0.29%"
"06/24/2020","163.03","161.53","163.09","161.53","11.44M","1.07%"
"06/23/2020","161.30","161.51","162.06","161.12","9.09M","-0.68%"
"06/22/2020","162.41","163.19","163.40","162.07","9.32M","0.01%"
"06/19/2020","162.39","161.00","162.50","160.91","8.57M","0.08%"
"06/18/2020","162.26","162.04","162.47","161.61","7.69M","1.06%"
"06/17/2020","160.56","160.30","160.77","159.36","7.11M","0.41%"
"06/16/2020","159.90","159.39","161.22","158.70","13.70M","-1.53%"
"06/15/2020","162.39","163.87","164.20","162.17","7.76M","0.06%"
"06/12/2020","162.30","162.42","163.65","162.06","9.72M","-0.96%"
"06/11/2020","163.88","163.24","164.23","162.63","16.82M","1.89%"
"06/10/2020","160.84","159.22","160.90","159.06","13.14M","1.48%"
"06/09/2020","158.49","159.05","159.64","158.30","9.09M","1.14%"
"06/08/2020","156.71","155.07","156.85","155.07","10.35M","0.38%"
"06/05/2020","156.11","154.61","156.16","153.16","17.78M","-0.71%"
"06/04/2020","157.23","158.92","159.01","157.18","13.88M","-1.45%"
"06/03/2020","159.54","160.17","160.33","158.95","12.26M","-1.33%"
"06/02/2020","161.69","161.68","162.09","161.26","11.52M","-0.36%"
"06/01/2020","162.28","162.11","162.43","161.68","13.35M","-0.80%"
"05/29/2020","163.59","162.71","164.09","162.35","14.66M","0.71%"
"05/28/2020","162.43","162.01","162.57","161.67","10.28M","-0.37%"
"05/27/2020","163.03","162.79","163.89","162.60","8.05M","-0.18%"
"05/26/2020","163.33","163.71","163.79","162.98","8.10M","-1.34%"
"05/22/2020","165.55","164.72","165.68","164.61","4.96M","0.60%"
"05/21/2020","164.56","164.86","165.36","164.30","8.92M","0.25%"
"05/20/2020","164.15","163.17","164.70","162.88","10.92M","0.30%"
"05/19/2020","163.66","162.52","163.69","162.50","8.64M","0.37%"
"05/18/2020","163.05","164.96","165.05","162.47","10.07M","-2.20%"
"05/15/2020","166.71","168.30","168.49","166.33","7.23M","-0.26%"
"05/14/2020","167.14","167.35","168.14","167.10","10.08M","0.98%"
"05/13/2020","165.52","165.06","166.29","164.84","13.31M","0.70%"
"05/12/2020","164.37","163.16","164.93","163.13","10.06M","1.03%"
"05/11/2020","162.70","163.66","164.22","162.10","8.71M","-0.78%"
"05/08/2020","163.98","164.49","165.40","163.68","8.13M","-1.30%"
"05/07/2020","166.14","163.56","166.37","163.34","9.17M","1.67%"
"05/06/2020","163.41","163.23","163.64","162.05","14.72M","-1.61%"
"05/05/2020","166.09","165.57","166.27","165.27","7.83M","-0.64%"
"05/04/2020","167.16","167.56","167.68","166.48","8.30M","-0.47%"
"05/01/2020","167.95","167.50","168.11","166.44","10.21M","0.73%"
"04/30/2020","166.74","168.74","169.23","166.71","11.61M","-1.17%"
"04/29/2020","168.71","169.53","170.26","167.96","8.62M","-0.52%"
"04/28/2020","169.59","168.55","169.85","168.45","9.91M","1.15%"
"04/27/2020","167.66","169.66","169.75","167.44","9.04M","-1.86%"
"04/24/2020","170.84","169.61","170.84","169.57","6.21M","0.23%"
"04/23/2020","170.44","169.87","170.93","169.60","5.97M","0.53%"
"04/22/2020","169.54","169.97","170.39","168.71","6.23M","-1.02%"
"04/21/2020","171.29","171.93","172.15","170.78","7.85M","1.26%"
"04/20/2020","169.16","168.44","169.29","167.96","6.46M","0.80%"
"04/17/2020","167.81","169.82","170.84","167.27","8.61M","-1.34%"
"04/16/2020","170.09","169.26","170.32","169.02","8.27M","1.14%"
"04/15/2020","168.18","166.80","168.60","166.74","10.03M","2.65%"
"04/14/2020","163.84","163.84","164.74","163.48","9.02M","-0.02%"
"04/13/2020","163.88","164.75","165.71","163.88","8.75M","-0.91%"
"04/09/2020","165.39","164.28","165.79","163.78","14.26M","0.18%"
"04/08/2020","165.09","165.11","166.19","164.13","10.15M","-0.73%"
"04/07/2020","166.30","164.96","166.42","163.71","13.81M","-1.05%"
"04/06/2020","168.06","167.00","168.27","166.53","9.43M","-0.26%"
"04/03/2020","168.50","168.55","170.33","168.14","6.57M","0.24%"
"04/02/2020","168.10","168.83","169.22","167.26","5.77M","0.63%"
"04/01/2020","167.04","168.48","168.96","166.40","11.33M","1.25%"
"03/31/2020","164.97","165.70","166.92","164.56","11.46M","-0.81%"
"03/30/2020","166.32","168.30","170.11","165.94","13.47M","-0.82%"
"03/27/2020","167.70","165.52","168.25","164.59","12.55M","2.67%"
"03/26/2020","163.34","163.99","165.67","162.29","10.58M","0.49%"
"03/25/2020","162.54","163.91","166.62","161.66","10.75M","-0.23%"
"03/24/2020","162.91","162.13","165.39","160.42","11.95M","-1.86%"
"03/23/2020","166.00","157.50","166.69","156.57","19.97M","4.12%"
"03/20/2020","159.43","153.30","159.43","152.11","20.86M","7.52%"
"03/19/2020","148.28","147.00","153.16","145.29","21.18M","2.72%"
"03/18/2020","144.35","151.48","154.13","139.20","47.06M","-5.64%"
"03/17/2020","152.98","163.50","165.63","152.71","18.57M","-6.67%"
"03/16/2020","163.91","160.38","166.15","157.81","30.50M","6.48%"
"03/13/2020","153.94","155.00","158.20","152.19","19.81M","-2.26%"
"03/12/2020","157.50","163.51","166.36","155.66","24.36M","0.62%"
"03/11/2020","156.53","165.43","167.03","155.63","29.59M","-3.68%"
"03/10/2020","162.51","169.63","172.93","162.03","37.73M","-5.13%"
"03/09/2020","171.29","179.10","179.70","170.34","41.55M","2.71%"
"03/06/2020","166.77","167.30","169.33","164.11","76.29M","5.20%"
"03/05/2020","158.52","157.13","158.82","156.81","17.79M","2.49%"
"03/04/2020","154.67","156.41","157.35","154.19","23.46M","-1.06%"
"03/03/2020","156.33","153.81","159.70","152.36","38.61M","1.55%"
"03/02/2020","153.94","155.30","156.50","153.76","28.15M","-0.88%"
"02/28/2020","155.31","154.45","155.98","154.16","45.01M","2.26%"
"02/27/2020","151.88","152.70","153.08","150.83","30.69M","1.08%"
"02/26/2020","150.25","149.95","151.72","149.58","22.60M","-0.53%"
"02/25/2020","151.05","150.21","151.76","150.14","20.80M","0.53%"
"02/24/2020","150.25","150.83","150.96","150.00","15.93M","1.49%"
"02/21/2020","148.04","147.80","148.88","147.65","13.86M","0.93%"
"02/20/2020","146.67","146.08","146.94","146.00","9.33M","0.78%"
"02/19/2020","145.53","145.12","145.62","144.98","5.71M","-0.01%"
"02/18/2020","145.54","145.34","146.05","144.92","6.91M","0.68%"
"02/14/2020","144.55","144.76","145.08","144.45","7.14M","0.44%"
"02/13/2020","143.92","143.44","144.20","143.27","7.88M","0.38%"
"02/12/2020","143.37","143.37","143.55","142.99","5.60M","-0.51%"
"02/11/2020","144.10","144.59","144.72","143.94","7.78M","-0.50%"
"02/10/2020","144.83","145.10","145.25","144.68","6.70M","0.28%"
"02/07/2020","144.43","144.22","144.74","143.87","11.37M","1.25%"
"02/06/2020","142.65","142.18","142.88","142.00","6.68M","0.45%"
"02/05/2020","142.01","142.30","142.70","141.90","10.78M","-1.09%"
"02/04/2020","143.58","143.99","144.14","143.06","11.39M","-1.35%"
"02/03/2020","145.54","144.94","145.75","144.12","15.31M","-0.25%"
"01/31/2020","145.90","145.17","145.99","145.09","14.54M","0.91%"
"01/30/2020","144.58","144.90","145.67","144.29","14.71M","0.01%"
"01/29/2020","144.56","143.44","144.70","143.43","9.57M","0.98%"
"01/28/2020","143.16","143.93","144.09","142.82","10.61M","-0.78%"
"01/27/2020","144.29","143.95","144.29","143.50","10.94M","1.56%"
"01/24/2020","142.08","141.42","142.55","141.30","8.58M","0.81%"
"01/23/2020","140.94","140.84","141.38","140.78","9.75M","0.70%"
"01/22/2020","139.96","139.72","140.14","139.59","6.32M","0.35%"
"01/21/2020","139.47","138.81","139.65","138.77","6.79M","1.05%"
"01/17/2020","138.02","137.58","138.14","137.36","9.69M","-0.85%"
"01/16/2020","139.21","139.26","139.53","138.74","6.80M","-0.32%"
"01/15/2020","139.65","139.52","139.76","139.02","6.29M","0.66%"
"01/14/2020","138.73","138.18","138.82","138.13","13.92M","0.51%"
"01/13/2020","138.02","137.88","138.09","137.39","5.97M","-0.30%"
"01/10/2020","138.44","137.67","138.47","137.63","8.78M","0.89%"
"01/09/2020","137.22","136.00","137.44","135.91","7.41M","0.35%"
"01/08/2020","136.74","137.93","138.31","136.32","10.63M","-0.66%"
"01/07/2020","137.65","138.22","138.47","137.64","8.46M","-0.49%"
"01/06/2020","138.33","139.69","139.71","138.15","11.37M","-0.57%"
"01/03/2020","139.12","138.27","139.16","137.88","12.37M","1.54%"
"01/02/2020","137.01","136.79","137.53","136.66","11.03M","1.13%"