Date,Price,Open,High,Low,Vol.,Change %
12/31/2024,45.80,44.68,46.26,44.37,3.12M,0.59%
12/30/2024,45.53,46.92,48.49,44.14,5.88M,2.48%
12/27/2024,44.43,43.18,46.87,43.09,5.91M,4.42%
12/26/2024,42.55,42.61,44.02,42.26,3.62M,0.64%
12/24/2024,42.28,43.97,44.05,42.18,2.88M,-4.73%
12/23/2024,44.38,46.92,48.82,44.38,4.05M,-7.70%
12/20/2024,48.08,55.82,55.98,47.63,10.97M,-14.36%
12/19/2024,56.14,49.59,56.85,48.89,11.43M,8.55%
12/18/2024,51.72,44,51.89,43.38,8.14M,16.78%
12/17/2024,44.29,43.75,44.5,43.24,4.13M,2.48%
12/16/2024,43.22,42.3,43.46,42.3,3.03M,1.69%
12/13/2024,42.50,41.97,43.03,41.75,2.85M,0.07%
12/12/2024,42.47,42.24,42.92,41.84,3.06M,0.81%
12/11/2024,42.13,41.59,42.33,41.38,3.38M,-0.78%
12/10/2024,42.46,42.45,42.86,42.02,2.80M,-1.00%
12/9/2024,42.89,41.67,43.07,41.59,3.58M,2.71%
12/6/2024,41.76,41.68,42.18,41.47,3.31M,-1.56%
12/5/2024,42.42,42.56,42.7,42.11,2.28M,0.21%
12/4/2024,42.33,41.68,42.39,41.3,2.80M,0.62%
12/3/2024,42.07,42.6,43.24,41.71,2.80M,-0.54%
12/2/2024,42.30,42.62,42.74,42.14,1.99M,-0.67%
11/29/2024,42.58,43,43.08,42.42,2.11M,-1.99%
11/27/2024,43.45,43.69,44.82,43.32,2.62M,-0.37%
11/26/2024,43.61,44.04,44.06,43.23,3.00M,-0.62%
11/25/2024,43.88,44.39,46.25,43.88,3.64M,-4.11%
11/22/2024,45.76,47.29,47.56,45.72,4.06M,-3.97%
11/21/2024,47.65,46.58,49.27,46.43,5.66M,-0.79%
11/20/2024,48.03,46.43,49.83,46.34,7.87M,3.56%
11/19/2024,46.38,47.52,47.62,45.21,6.25M,3.32%
11/18/2024,44.89,46.31,46.64,44.15,4.36M,-3.65%
11/15/2024,46.59,44.16,48.63,43.95,8.24M,7.15%
11/14/2024,43.48,43.27,43.84,42.78,3.47M,-0.13%
11/13/2024,43.53,44.24,44.78,43.35,3.03M,-2.21%
11/12/2024,44.52,44.92,45.73,44.36,3.23M,-0.29%
11/11/2024,44.65,44.37,44.75,43.92,3.17M,-0.27%
11/8/2024,44.77,45.03,45.61,44.57,3.23M,-0.71%
11/7/2024,45.09,45.74,45.74,44.84,4.39M,-3.53%
11/6/2024,46.74,46,48.49,46,7.84M,-9.33%
11/5/2024,51.55,53.69,53.69,51.41,6.25M,-5.36%
11/4/2024,54.47,56.37,56.71,54.15,4.55M,-4.19%
11/1/2024,56.85,56.31,57.05,54.96,6.15M,-1.76%
10/31/2024,57.87,55.21,58,55.1,7.31M,7.65%
10/30/2024,53.76,52.95,53.92,52.12,3.05M,2.44%
10/29/2024,52.48,52.84,53.25,51.71,2.95M,-0.44%
10/28/2024,52.71,53.06,53.38,52.01,3.93M,-4.67%
10/25/2024,55.29,52.19,55.39,51.72,4.71M,4.70%
10/24/2024,52.81,52.53,55.25,52.47,3.98M,-1.69%
10/23/2024,53.72,51.75,55.09,51.61,5.48M,5.02%
10/22/2024,51.15,52.04,52.57,50.81,2.80M,-0.39%
10/21/2024,51.35,51.6,52.71,51.09,2.86M,0.27%
10/18/2024,51.21,52.09,52.39,51.14,2.49M,-2.36%
10/17/2024,52.45,52.81,53.5,52.34,2.15M,-1.65%
10/16/2024,53.33,53.72,54.61,52.97,2.99M,-0.97%
10/15/2024,53.85,51.23,54.08,50.86,5.53M,3.26%
10/14/2024,52.15,53.31,53.52,51.59,2.86M,-3.55%
10/11/2024,54.07,54.81,54.9,53.63,3.44M,-1.17%
10/10/2024,54.71,54.28,55.45,54.19,3.56M,1.26%
10/9/2024,54.03,55,55.28,53.72,3.57M,-2.46%
10/8/2024,55.39,55.68,56.36,54.67,4.08M,-4.04%
10/7/2024,57.72,53.97,58.16,53.85,5.44M,8.91%
10/4/2024,53.00,53.89,54.75,52.72,4.29M,-3.79%
10/3/2024,55.09,53.9,55.4,53.01,4.49M,4.52%
10/2/2024,52.71,53.53,55.12,52.39,4.44M,-1.35%
10/1/2024,53.43,49.5,54.06,49.5,11.33M,7.72%
09/30/2024,49.60,51,52.17,49.53,3.84M,-2.23%
09/27/2024,50.73,48.4,50.77,48.34,3.29M,4.64%
09/26/2024,48.48,48.15,48.95,48,2.76M,0.14%
09/25/2024,48.41,48.03,48.59,47.44,2.90M,1.36%
09/24/2024,47.76,47.45,49.36,47.15,2.84M,0.06%
09/23/2024,47.73,47.06,48.15,46.63,3.11M,0.63%
09/20/2024,47.43,48.06,48.25,46.93,4.00M,-0.61%
09/19/2024,47.72,47.97,48.73,47.35,4.12M,-4.33%
09/18/2024,49.88,50.1,50.93,47.56,7.65M,-0.83%
09/17/2024,50.30,49.15,51.07,48.7,4.63M,2.15%
09/16/2024,49.24,49.07,50.45,48.96,4.14M,0.92%
09/13/2024,48.79,49.2,49.37,47.71,4.37M,-0.31%
9/12/2024,48.94,49.85,51.02,48.88,4.30M,-0.79%
9/11/2024,49.33,50.77,55.71,49.29,7.40M,-4.25%
9/10/2024,51.52,51.95,54.91,51.4,5.12M,-1.77%
9/9/2024,52.45,54.98,55.55,51.94,6.14M,-6.52%
9/6/2024,56.11,51.34,58.58,50.7,9.68M,7.41%
9/5/2024,52.24,53.99,54.64,51.4,7.61M,-4.97%
9/4/2024,54.97,55.03,56.21,51.24,8.75M,2.67%
9/3/2024,53.54,45.62,55.2,45.52,10.68M,20.31%
08/30/2024,44.50,45.04,46,44.36,4.82M,-3.02%
08/29/2024,45.88,46.02,46.58,45.16,5.39M,-3.56%
08/28/2024,47.58,45.05,48.24,44.91,5.54M,5.76%
08/27/2024,44.99,46.53,46.92,44.94,2.72M,-1.98%
08/26/2024,45.90,45.66,47.05,45.57,3.06M,-0.09%
08/23/2024,45.94,47.55,48.14,45.73,6.82M,-5.99%
08/22/2024,48.87,46.35,49.16,46.19,5.20M,4.21%
08/21/2024,46.89,46.07,48.01,45.99,5.10M,1.56%
08/20/2024,46.17,44.74,46.44,44.52,6.03M,3.92%
08/19/2024,44.43,45.29,45.45,44.03,5.12M,-1.77%
08/16/2024,45.23,46.12,46.45,45,4.00M,-0.23%
08/15/2024,45.33,45.83,46.56,44.66,6.01M,-3.83%
08/14/2024,47.14,49.48,49.9,47.06,5.64M,-6.51%
08/13/2024,50.42,53.34,53.5,50.33,5.27M,-7.93%
8/12/2024,54.76,54.72,56.17,51.22,6.19M,-1.83%
8/9/2024,55.78,62.73,64.05,54.51,8.22M,-12.12%
8/8/2024,63.47,67.74,67.74,62.61,6.18M,-7.95%
8/7/2024,68.96,61.43,71.8,60.38,12.11M,-2.15%
8/6/2024,70.47,77.48,80.42,62,17.97M,-19.24%
8/5/2024,87.26,90.08,91.02,72.37,34.75M,39.22%
8/2/2024,62.68,54.46,64.45,53.82,34.05M,24.09%
8/1/2024,50.51,46.11,52.13,45.83,10.03M,9.21%
07/31/2024,46.25,46.12,46.54,44.62,6.75M,-2.36%
07/30/2024,47.37,45.76,49.14,45.65,7.64M,3.18%
07/29/2024,45.91,46.37,47.25,45.68,5.32M,-1.86%
07/26/2024,46.78,48.05,48.46,46.72,8.96M,-5.67%
07/25/2024,49.59,48.57,51.04,46.61,17.22M,0.81%
07/24/2024,49.19,44.7,49.67,44.67,15.19M,13.55%
07/23/2024,43.32,43.68,43.88,42.68,3.29M,-0.82%
07/22/2024,43.68,45.24,45.42,43.38,4.13M,-5.29%
07/19/2024,46.12,44.96,46.68,44.36,6.75M,4.25%
07/18/2024,44.24,42,44.89,41.76,5.88M,2.88%
07/17/2024,43.00,42.64,43.54,42.08,6.44M,3.27%
07/16/2024,41.64,41.16,41.64,40.96,2.38M,0.97%
07/15/2024,41.24,40.32,41.4,40.12,2.60M,1.48%
7/12/2024,40.64,40.7,40.72,39.98,2.99M,-1.74%
7/11/2024,41.36,40.64,41.86,40.58,4.57M,0.58%
7/10/2024,41.12,41.24,41.28,40.56,2.11M,-0.19%
7/9/2024,41.20,41.04,41.46,40.88,1.29M,0.29%
7/8/2024,41.08,41.36,41.4,40.84,1.72M,-1.82%
7/5/2024,41.84,41.52,42.16,41.46,1.74M,0.38%
7/3/2024,41.68,41.4,41.8,41.28,1.13M,0.48%
7/2/2024,41.48,42.2,42.24,41.36,1.27M,-1.14%
7/1/2024,41.96,43.24,43.44,41.96,2.35M,-3.94%
06/28/2024,43.68,43.16,43.8,42.88,2.02M,1.02%
06/27/2024,43.24,43.52,43.6,43.12,1.77M,-0.64%
06/26/2024,43.52,44.04,44.24,43.4,1.85M,-1.09%
06/25/2024,44.00,44.76,45.08,43.8,1.83M,-1.79%
06/24/2024,44.80,45.44,45.52,44.32,2.74M,-0.80%
06/21/2024,45.16,46.32,46.84,44.76,2.86M,-2.25%
06/20/2024,46.20,44.44,46.32,44.38,3.25M,3.77%
06/18/2024,44.52,44.16,44.96,44.02,2.06M,-0.54%
06/17/2024,44.76,44.92,45.48,44.16,3.70M,-0.18%
06/14/2024,44.84,44.6,45.76,44.24,3.80M,3.22%
06/13/2024,43.44,43.44,44.7,43.26,2.64M,-0.28%
6/12/2024,43.56,43.48,43.96,43.22,3.32M,-1.98%
6/11/2024,44.44,45,45.6,44.28,2.29M,0.09%
6/10/2024,44.40,45.16,45.4,44.28,1.98M,-0.27%
6/7/2024,44.52,44.92,45.1,44.12,3.28M,-1.07%
6/6/2024,45.00,45,45.48,44.76,2.21M,-0.53%
6/5/2024,45.24,45.48,46.48,45.04,2.41M,-1.82%
6/4/2024,46.08,46.6,47.38,45.84,4.04M,0.52%
6/3/2024,45.84,45.64,47.6,45.44,3.61M,-0.61%
05/31/2024,46.12,46.88,48.84,46,4.58M,-3.03%
05/30/2024,47.56,47.76,48.48,46.68,3.19M,-0.34%
05/29/2024,47.72,48,48.16,46.92,3.46M,3.83%
05/28/2024,45.96,44.84,46.76,44.76,3.94M,2.13%
05/24/2024,45.00,46.12,46.16,44.76,2.90M,-2.93%
05/23/2024,46.36,44.8,46.92,44.56,5.58M,1.40%
05/22/2024,45.72,44.92,46.2,44.48,4.48M,2.14%
05/21/2024,44.76,45.58,45.68,44.64,2.10M,-1.67%
05/20/2024,45.52,45.48,45.84,45,2.24M,0.18%
05/17/2024,45.44,46,46.2,45.36,2.32M,-1.30%
05/16/2024,46.04,46.08,46.54,45.92,2.73M,-0.09%
05/15/2024,46.08,47,47.44,46.08,2.22M,-3.92%
05/14/2024,47.96,48.76,49.08,47.76,1.73M,-1.64%
05/13/2024,48.76,48.16,49.04,48.04,2.42M,1.08%
5/10/2024,48.24,48.88,49.04,48.16,2.16M,-1.39%
5/9/2024,48.92,49.12,49.64,48.84,2.89M,-0.41%
5/8/2024,49.12,49.64,49.72,49.06,1.89M,-1.05%
5/7/2024,49.64,49.56,50.04,49.5,2.57M,0.00%
5/6/2024,49.64,50.36,50.44,49.64,2.14M,-2.97%
5/3/2024,51.16,51.08,52.12,50.88,3.77M,-3.40%
5/2/2024,52.96,53.6,55.08,52.72,2.40M,-3.29%
5/1/2024,54.76,55,55.44,52.32,4.85M,0.59%
04/30/2024,54.44,53,54.56,52.36,2.79M,3.11%
04/29/2024,52.80,53.16,53.96,52.44,2.19M,-1.71%
04/26/2024,53.72,53.96,54.44,53.44,2.95M,-3.24%
04/25/2024,55.52,57.36,58.2,55.18,5.53M,2.28%
04/24/2024,54.28,54.56,55.84,54.2,4.05M,-1.02%
04/23/2024,54.84,55.88,56.16,54.52,3.24M,-3.92%
04/22/2024,57.08,59.48,59.56,56.33,4.06M,-7.70%
04/19/2024,61.84,60.12,62.82,59.28,6.29M,3.27%
04/18/2024,59.88,58.92,61.08,58.24,4.78M,0.27%
04/17/2024,59.72,60,62.4,58.78,5.62M,-0.99%
04/16/2024,60.32,61.96,62.6,59.24,8.25M,-3.40%
04/15/2024,62.44,57.4,62.72,56.72,9.15M,5.54%
4/12/2024,59.16,56.8,61.94,56.8,12.63M,8.83%
4/11/2024,54.36,55.6,57.76,54.12,4.81M,-1.95%
4/10/2024,55.44,55.76,57.56,55.16,9.04M,1.91%
4/9/2024,54.40,54.56,56.84,54.12,5.62M,-0.73%
4/8/2024,54.80,56,56.48,54.36,4.33M,-3.93%
4/5/2024,57.04,56.72,57.72,55.12,8.18M,1.89%
4/4/2024,55.98,52.64,57.64,52.12,9.01M,4.75%
4/3/2024,53.44,54.64,54.92,52.88,3.78M,-0.67%
4/2/2024,53.80,54.36,55.8,53.8,5.41M,2.36%
4/1/2024,52.56,51.96,53.32,51.7,2.87M,1.31%
03/28/2024,51.88,51.2,52.04,50.92,2.70M,1.57%
03/27/2024,51.08,51.36,52.28,51.04,2.45M,-1.84%
03/26/2024,52.04,51.76,52.04,51.16,2.63M,-0.54%
03/25/2024,52.32,52.56,52.6,51.7,1.65M,-0.38%
03/22/2024,52.52,52.52,52.8,51.68,2.36M,0.46%
03/21/2024,52.28,52.04,53,51.8,3.16M,-0.91%
03/20/2024,52.76,54,54.2,52.5,4.37M,-2.08%
03/19/2024,53.88,55.56,55.84,53.84,2.94M,-2.81%
03/18/2024,55.44,55.88,55.94,54.96,3.05M,-2.33%
03/15/2024,56.76,56.49,58.84,55.9,5.61M,2.01%
03/14/2024,55.64,53.88,57.8,53.56,7.35M,2.58%
03/13/2024,54.24,54.28,54.76,53.92,1.88M,-0.51%
3/12/2024,54.52,55.92,56.68,54.34,3.71M,-4.88%
3/11/2024,57.32,58.44,59.45,56.78,2.85M,-1.04%
3/8/2024,57.92,55.64,59.84,55.28,5.09M,2.62%
3/7/2024,56.44,55.52,57.16,55.44,2.59M,-0.49%
3/6/2024,56.72,55.2,57.2,54.88,3.62M,0.35%
3/5/2024,56.52,54.8,58.18,54.72,5.45M,4.13%
3/4/2024,54.28,54.16,54.6,53.96,1.41M,-0.22%
3/1/2024,54.40,53.72,54.72,53.4,2.65M,0.29%
02/29/2024,54.24,54,55.48,53.96,2.81M,-1.38%
02/28/2024,55.00,54.48,55.44,54.36,1.86M,1.63%
02/27/2024,54.12,54.48,54.76,54.02,1.82M,-1.89%
02/26/2024,55.16,55.24,55.44,54.86,1.72M,-1.01%
02/23/2024,55.72,56.88,57.28,55.64,2.61M,-3.67%
02/22/2024,57.84,56.72,57.96,55.96,3.07M,-1.90%
02/21/2024,58.96,59.79,60.36,58.8,3.78M,-0.87%
02/20/2024,59.48,58.48,60.96,58.2,4.76M,3.26%
02/16/2024,57.60,58.04,58.5,56.48,3.16M,-0.14%
02/15/2024,57.68,57.6,58.86,57.22,3.15M,-1.03%
02/14/2024,58.28,59,60.24,57.84,5.57M,-4.96%
02/13/2024,61.32,59.16,65.24,58.64,7.68M,7.05%
2/12/2024,57.28,55.72,57.86,55.56,3.09M,2.14%
2/9/2024,56.08,55.44,56.28,55,1.98M,0.72%
2/8/2024,55.68,55.84,56.68,55.48,1.80M,-0.57%
2/7/2024,56.00,55.68,56.48,55.6,2.28M,-0.36%
2/6/2024,56.20,57.08,57.76,56.12,2.10M,-2.43%
2/5/2024,57.60,59.44,60.68,57.44,2.80M,-3.94%
2/2/2024,59.96,59.76,60.44,58.86,2.49M,-0.13%
2/1/2024,60.04,59.8,61.16,58.8,2.88M,-0.79%
01/31/2024,60.52,57.72,61,57.56,5.03M,5.07%
01/30/2024,57.60,58.16,58.28,57.44,1.85M,-1.30%
01/29/2024,58.36,58.16,59.22,57.96,2.12M,0.41%
01/26/2024,58.12,58.44,58.76,57.36,2.11M,-0.55%
01/25/2024,58.44,57.68,58.68,57.36,2.13M,1.11%
01/24/2024,57.80,55.88,57.84,55.72,2.86M,2.63%
01/23/2024,56.32,57.24,57.4,56.28,1.94M,-2.90%
01/22/2024,58.00,59.24,59.68,57.8,2.47M,-3.33%
01/19/2024,60.00,60.32,60.73,59.52,2.72M,-2.53%
01/18/2024,61.56,62.16,63.6,61.28,2.63M,-3.45%
01/17/2024,63.76,63.28,65.2,62.2,3.77M,3.78%
01/16/2024,61.44,60.8,62.68,60.04,3.30M,3.50%
1/12/2024,59.36,58.2,59.6,58.13,2.46M,1.64%
1/11/2024,58.40,57.88,60.56,57.72,3.16M,-0.54%
1/10/2024,58.72,58.96,59.2,58.4,2.05M,-1.08%
1/9/2024,59.36,61.32,61.44,59.2,1.74M,-2.30%
1/8/2024,60.76,62.16,62.44,60,2.25M,-2.32%
1/5/2024,62.20,63.72,63.8,61.6,3.27M,-3.30%
1/4/2024,64.32,64.48,64.68,63.08,1.84M,-0.12%
1/3/2024,64.40,63.26,65.4,62.32,3.91M,3.74%
1/2/2024,62.08,63.8,64.84,61.72,2.97M,0.00%
12/29/2023,62.08,61.96,63.6,61.52,2.55M,0.26%
12/28/2023,61.92,61.84,62.8,61.64,1.55M,-0.26%
12/27/2023,62.08,64.24,64.24,62,1.86M,-4.32%
12/26/2023,64.88,66.28,66.72,64.64,1.09M,-2.35%
12/22/2023,66.44,67.88,69.32,66.44,2.25M,-2.64%
12/21/2023,68.24,68.73,70.3,67.52,2.90M,-2.07%
12/20/2023,69.68,65.4,70.52,65,4.58M,6.09%
12/19/2023,65.68,65.2,65.84,64.8,1.36M,1.48%
12/18/2023,64.72,64.48,64.96,64.28,1.50M,0.25%
12/15/2023,64.56,62.84,64.8,62.44,2.74M,3.33%
12/14/2023,62.48,62.08,64.36,62.08,3.84M,-0.57%
12/13/2023,62.84,63.2,64.2,62.45,3.04M,-1.19%
12/12/2023,63.60,64.56,64.96,63.18,2.39M,-2.87%
12/11/2023,65.48,66.76,66.96,65.34,1.88M,-2.27%
12/8/2023,67.00,68.4,68.48,66.88,1.76M,-2.90%
12/7/2023,69.00,68.64,69.38,68.48,1.18M,0.06%
12/6/2023,68.96,67.92,69.4,67.52,1.59M,0.47%
12/5/2023,68.64,69.4,69.56,68.52,1.49M,-0.69%
12/4/2023,69.12,70.08,71.28,69,1.88M,0.29%
12/1/2023,68.92,68.8,69.16,68,2.26M,-0.35%
11/30/2023,69.16,69.84,70.76,69,1.76M,-1.54%
11/29/2023,70.24,68.56,70.56,68.48,1.96M,1.44%
11/28/2023,69.24,69.8,70.48,68.8,1.72M,-1.31%
11/27/2023,70.16,70.32,70.36,69.72,1.39M,0.69%
11/24/2023,69.68,72.04,72.56,69.36,1.17M,-4.29%
11/22/2023,72.80,71.32,73.52,71.08,1.74M,0.78%
11/21/2023,72.24,73.96,74.04,71.96,2.20M,-1.95%
11/20/2023,73.68,73.8,73.96,72.9,1.46M,-0.75%
11/17/2023,74.24,75.04,75.72,74,1.64M,-1.54%
11/16/2023,75.40,76.48,76.96,75.28,2.33M,-1.57%
11/15/2023,76.60,77,77.56,76.29,2.27M,-2.10%
11/14/2023,78.24,76.04,78.42,75.83,2.39M,-0.76%
11/13/2023,78.84,80.28,80.72,78.04,1.66M,-1.10%
11/10/2023,79.72,81.6,81.76,78.98,2.66M,-4.04%
11/9/2023,83.08,79.12,83.88,78.94,2.76M,3.85%
11/8/2023,80.00,80.56,82.48,79.64,2.08M,-1.86%
11/7/2023,81.52,81.76,82.6,80.96,1.34M,-0.49%
11/6/2023,81.92,83.68,84.34,81.8,2.27M,-3.31%
11/3/2023,84.72,85.3,85.88,84.16,2.67M,-2.35%
11/2/2023,86.76,87.8,89.28,86.68,2.52M,-3.43%
11/1/2023,89.84,93.12,93.12,89.36,3.45M,-4.22%
10/31/2023,93.80,99.84,100.68,93.68,2.73M,-6.42%
10/30/2023,100.24,104.16,104.4,100.08,2.15M,-7.46%
10/27/2023,108.32,102.84,108.88,101.44,3.63M,3.32%
10/26/2023,104.84,104.16,107.92,102.32,3.72M,0.89%
10/25/2023,103.92,98.04,106.28,98.04,3.78M,6.52%
10/24/2023,97.56,99.68,102.24,97.18,2.75M,-4.54%
10/23/2023,102.20,107.76,109.42,98.76,2.95M,-3.44%
10/20/2023,105.84,105.32,107.72,102.76,4.05M,0.61%
10/19/2023,105.20,98.68,105.59,97.2,5.09M,4.95%
10/18/2023,100.24,96.36,101.48,95.64,3.70M,6.41%
10/17/2023,94.20,95.04,96.08,90.2,3.28M,2.79%
10/16/2023,91.64,97.48,97.8,91.4,3.39M,-9.52%
10/13/2023,101.28,90.2,103.64,89.6,5.69M,12.04%
10/12/2023,90.40,87.52,94.08,85.72,3.41M,2.17%
10/11/2023,88.48,89,93.24,88,2.25M,-1.82%
10/10/2023,90.12,92.32,92.36,88.96,2.13M,-3.35%
10/9/2023,93.24,97.72,99.08,93.12,2.01M,-1.40%
10/6/2023,94.56,98.84,101.14,92.6,3.14M,-1.25%
10/5/2023,95.76,96.96,101.48,95.72,2.72M,-1.40%
10/4/2023,97.12,100.6,101.98,96.72,3.57M,-5.01%
10/3/2023,102.24,96.04,103.84,94.54,3.81M,9.42%
10/2/2023,93.44,93.76,95.56,91,2.86M,0.17%
09/29/2023,93.28,88.04,93.44,87.48,2.89M,1.97%
09/28/2023,91.48,95.96,97.08,90.7,2.88M,-4.59%
09/27/2023,95.88,97.24,101.76,95.84,3.66M,-4.27%
09/26/2023,100.16,93.68,100.64,92.58,4.08M,9.34%
09/25/2023,91.60,94.12,95.12,91.04,2.61M,0.13%
09/22/2023,91.48,90.88,91.96,88.2,2.97M,0.26%
09/21/2023,91.24,88.64,91.52,86.8,4.28M,7.70%
09/20/2023,84.72,80.32,84.96,79.74,3.32M,3.77%
09/19/2023,81.64,82.12,84.12,81.16,2.84M,-0.49%
09/18/2023,82.04,83.76,84.36,80.84,2.05M,-0.82%
09/15/2023,82.72,80.15,83,79.08,3.20M,3.87%
09/14/2023,79.64,80.96,81.21,79.52,2.76M,-2.93%
09/13/2023,82.04,83.04,83.27,81.56,2.49M,-2.01%
9/12/2023,83.72,84,84.4,82.2,2.02M,0.72%
9/11/2023,83.12,83.64,84.84,82.76,1.80M,-2.35%
9/8/2023,85.12,86.56,86.6,83.84,2.32M,-1.98%
9/7/2023,86.84,89.84,90.76,86.36,2.01M,-0.14%
9/6/2023,86.96,85.68,88.92,85.4,1.95M,1.83%
9/5/2023,85.40,85.2,86.56,84.1,1.70M,0.66%
9/1/2023,84.84,84.68,85.68,83.98,2.44M,-1.35%
08/31/2023,86.00,87.6,87.87,85.56,2.12M,-2.23%
08/30/2023,87.96,89.68,90.48,87.44,2.17M,-3.00%
08/29/2023,90.68,92.76,92.92,89.84,2.87M,-2.49%
08/28/2023,93.00,94.92,95.36,92.88,2.14M,-3.93%
08/25/2023,96.80,99.96,102.4,95.84,3.42M,-4.35%
08/24/2023,101.20,95.88,101.59,95.38,2.68M,4.09%
08/23/2023,97.22,99.48,99.64,96.92,1.99M,-3.32%
08/22/2023,100.56,98.16,102.36,98.04,2.59M,0.44%
08/21/2023,100.12,101.8,103.64,99.68,3.26M,-2.64%
08/18/2023,102.84,108.84,109.32,101.96,3.46M,-2.54%
08/17/2023,105.52,99.6,105.56,98.76,3.62M,4.81%
08/16/2023,100.68,99.16,100.92,96.2,3.62M,1.61%
08/15/2023,99.08,95.44,100.08,95.12,3.89M,5.76%
08/14/2023,93.68,96.88,98.36,93.44,2.43M,-1.72%
8/11/2023,95.32,101.04,101.68,95.04,2.67M,-3.91%
8/10/2023,99.20,95.68,102.16,93.44,4.06M,0.45%
8/9/2023,98.76,98.8,103,96.64,3.37M,-0.88%
8/8/2023,99.64,102.1,108.84,99.52,4.05M,1.76%
8/7/2023,97.92,101.04,101.92,97.69,2.51M,-5.23%
8/4/2023,103.32,96.24,104.02,94.48,3.83M,3.57%
8/3/2023,99.76,103.6,105.24,98.32,3.50M,-0.32%
8/2/2023,100.08,97.56,102.6,97.2,4.54M,9.02%
8/1/2023,91.80,92.88,93.72,91.68,1.64M,1.55%
07/31/2023,90.40,91.12,92.38,90.36,1.67M,-1.31%
07/28/2023,91.60,91.68,94.08,90.55,2.24M,-3.78%
07/27/2023,95.20,89,97.24,88.8,4.23M,4.98%
07/26/2023,90.68,94.28,94.28,90.44,2.37M,-2.66%
07/25/2023,93.16,93.12,93.59,91.28,1.78M,-0.04%
07/24/2023,93.20,94.72,94.72,92.36,2.05M,-1.69%
07/21/2023,94.80,94.8,95.44,93.04,2.33M,-1.21%
07/20/2023,95.96,96.6,97.66,94.72,2.12M,0.38%
07/19/2023,95.60,93.16,96.64,92.92,2.00M,1.79%
07/18/2023,93.92,95.32,95.6,93.56,1.48M,-1.63%
07/17/2023,95.48,96,96.12,93.73,1.39M,-0.21%
07/14/2023,95.68,96.88,98.16,95.04,1.86M,-1.20%
07/13/2023,96.84,94.52,97.02,93.76,1.83M,0.58%
7/12/2023,96.28,98.52,98.68,96.04,2.61M,-5.50%
7/11/2023,101.88,100.84,103.6,100.24,2.01M,-0.74%
7/10/2023,102.64,103.76,105.08,102.42,1.71M,-0.66%
7/7/2023,103.32,107.16,107.44,102,2.05M,-2.57%
7/6/2023,106.04,105.04,115.6,105.04,3.92M,5.74%
7/5/2023,100.28,101.04,101.04,99.34,1.49M,1.33%
7/3/2023,98.96,99.64,100.4,98.84,714.24K,-1.04%
06/30/2023,100.00,99.92,100.76,98.68,1.52M,-1.46%
06/29/2023,101.48,99.8,101.98,99.64,1.86M,2.17%
06/28/2023,99.32,102.24,102.4,99.24,1.62M,-3.65%
06/27/2023,103.08,104.8,104.84,100.94,1.67M,-2.50%
06/26/2023,105.72,106.04,106.2,103.44,1.47M,-0.19%
06/23/2023,105.92,107.12,108.44,104.4,1.92M,1.26%
06/22/2023,104.60,108.32,108.52,103.84,1.46M,-2.39%
06/21/2023,107.16,108.16,109.1,106.74,1.90M,-2.05%
06/20/2023,109.40,110.08,112.02,109.32,1.61M,0.18%
06/16/2023,109.20,113.36,113.88,109.12,1.89M,-3.53%
06/15/2023,113.20,109.28,113.32,109.12,1.50M,2.65%
06/14/2023,110.28,113.24,113.56,110.08,2.51M,-2.99%
06/13/2023,113.68,112.4,114.28,111.76,1.44M,-0.25%
6/12/2023,113.96,113.88,115.6,113.2,1.26M,0.46%
6/9/2023,113.44,112.52,114.96,111.89,1.79M,0.53%
6/8/2023,112.84,116,116.52,111.56,1.70M,-2.42%
6/7/2023,115.64,115.8,117.56,114.92,1.88M,0.45%
6/6/2023,115.12,121.76,122.12,114.84,1.73M,-5.98%
6/5/2023,122.44,124.88,125.36,122.12,1.48M,-1.83%
6/2/2023,124.72,126.72,127.6,123.4,2.31M,-4.03%
6/1/2023,129.96,135.68,136.32,129.72,2.12M,-5.72%
05/31/2023,137.84,139.76,141.92,136.52,1.53M,-0.78%
05/30/2023,138.92,137.48,143.44,136.4,1.76M,-2.58%
05/26/2023,142.60,144.92,145.2,138.86,1.70M,-3.83%
05/25/2023,148.28,147.64,151.08,146.72,1.26M,-2.34%
05/24/2023,151.84,149.76,153.34,149.44,2.02M,4.03%
05/23/2023,145.96,145.2,148.2,141.68,1.31M,1.90%
05/22/2023,143.24,143.4,146.56,140.92,1.39M,0.11%
05/19/2023,143.08,138.52,146.32,137.68,2.27M,2.49%
05/18/2023,139.60,144.92,145.48,139.52,1.60M,-4.02%
05/17/2023,145.44,146.6,148.6,144.64,1.91M,-3.32%
05/16/2023,150.44,147.32,150.52,146.04,1.55M,3.04%
05/15/2023,146.00,148.56,150.56,146,1.24M,-2.69%
5/12/2023,150.04,148.16,153.72,147.32,1.89M,0.11%
5/11/2023,149.88,153.16,156.8,149.4,1.56M,-0.98%
5/10/2023,151.36,151,158.16,149.2,1.83M,-3.05%
5/9/2023,156.12,155.08,156.68,153.88,1.27M,2.41%
5/8/2023,152.44,154.16,156.36,152.24,1.10M,-1.65%
5/5/2023,155.00,161.2,161.96,154.16,1.82M,-7.87%
5/4/2023,168.24,163.84,172.84,162.24,2.40M,4.89%
5/3/2023,160.40,157,160.76,152.28,3.15M,3.11%
5/2/2023,155.56,151.52,165.96,151.52,3.44M,4.43%
5/1/2023,148.96,150.18,150.48,145.44,1.71M,-1.64%
04/28/2023,151.44,156.88,156.88,151.24,2.64M,-3.98%
04/27/2023,157.72,159.48,159.6,155.68,1.79M,-4.34%
04/26/2023,164.88,166.6,168.2,160.24,1.28M,-2.53%
04/25/2023,169.16,158.4,170.28,157.08,2.16M,8.46%
04/24/2023,155.96,157.2,159.12,155.92,1.22M,-0.54%
04/21/2023,156.80,158.64,161.56,156.32,1.09M,-1.88%
04/20/2023,159.80,159.8,161.2,155.84,1.29M,2.20%
04/19/2023,156.36,157.96,158.6,154.64,1.21M,-0.38%
04/18/2023,156.96,157.32,159.48,155.48,1.14M,-0.66%
04/17/2023,158.00,162,162,157.12,949.84K,-2.73%
04/14/2023,162.44,166.32,167.48,162.44,1.24M,-1.77%
04/13/2023,165.36,168.48,168.56,164.6,1.29M,-3.64%
4/12/2023,171.60,167.2,172.84,166.48,990.03K,0.61%
4/11/2023,170.56,170.52,171.64,168.1,803.08K,-0.98%
4/10/2023,172.24,174.8,176.84,171.24,767.81K,-0.97%
4/6/2023,173.92,178.56,180.16,172.36,1.54M,-1.76%
4/5/2023,177.04,179.76,183.04,176.56,1.50M,-0.92%
4/4/2023,178.68,176.68,183.64,175.88,1.61M,1.73%
4/3/2023,175.64,179.6,182.96,175,1.07M,-2.23%
03/31/2023,179.64,179.56,180.6,177,644.40K,-0.44%
03/30/2023,180.44,179.32,186.64,178.84,644.60K,0.00%
03/29/2023,180.44,182.16,183.8,179.36,689.81K,-3.28%
03/28/2023,186.56,190.76,193.16,186.32,759.04K,-2.77%
03/27/2023,191.88,194.6,197.88,190.28,849.02K,-3.56%
03/24/2023,198.96,213.04,221.96,198.76,1.57M,-4.14%
03/23/2023,207.56,195.72,210.76,188.56,2.25M,2.67%
03/22/2023,202.16,193.88,202.2,187.2,3.08M,4.29%
03/21/2023,193.84,202.96,203.08,193.6,1.97M,-8.74%
03/20/2023,212.40,224.04,227.24,212.08,1.75M,-5.11%
03/17/2023,223.84,208,227.04,204.6,2.44M,10.90%
03/16/2023,201.84,228.72,230,201.16,1.91M,-8.19%
03/15/2023,219.84,223.92,241.52,216.69,1.95M,6.39%
03/14/2023,206.64,202.76,212.92,194.04,1.95M,-5.28%
03/13/2023,218.16,236.76,238.6,213.32,2.35M,3.04%
3/10/2023,211.72,190.8,230.8,190.8,4.26M,11.41%
3/9/2023,190.04,170.88,191.88,169.56,1.00M,10.36%
3/8/2023,172.20,176.44,177,171.48,624.79K,-1.64%
3/7/2023,175.08,171.6,176.64,168.96,733.44K,2.17%
3/6/2023,171.36,172.64,173.76,170.88,537.03K,-1.74%
3/3/2023,174.40,177.6,178.72,173.68,679.51K,-2.85%
3/2/2023,179.52,189.76,190.08,179.52,572.64K,-3.69%
3/1/2023,186.40,185.76,190.72,182.88,594.79K,0.95%
02/28/2023,184.64,188.48,188.64,182.72,427.16K,-2.04%
02/27/2023,188.48,191.2,191.2,186.72,566.51K,-3.84%
02/24/2023,196.00,195.52,200.96,194.4,797.93K,3.90%
02/23/2023,188.64,191.36,197.6,187.52,711.40K,-3.52%
02/22/2023,195.52,202.08,204.32,194.26,755.94K,-2.86%
02/21/2023,201.28,195.84,202.88,193.28,807.09K,7.80%
02/17/2023,186.72,189.92,194.24,186.4,729.82K,-0.09%
02/16/2023,186.88,182.24,186.88,178.24,865.69K,5.51%
02/15/2023,177.12,181.28,181.76,176.96,433.09K,-2.04%
02/14/2023,180.80,184.8,187.44,178.4,638.95K,-3.34%
02/13/2023,187.04,191.84,192.64,186.88,447.54K,-3.94%
2/10/2023,194.72,195.86,199.78,192.96,658.13K,1.16%
2/9/2023,192.48,183.2,193.28,181.6,588.41K,3.17%
2/8/2023,186.56,181.92,190,179.2,593.59K,3.74%
2/7/2023,179.84,187.04,187.36,178.24,543.39K,-3.10%
2/6/2023,185.60,183.52,186.4,181.76,380.16K,2.47%
2/3/2023,181.12,184.64,187.46,179.08,717.47K,0.98%
2/2/2023,179.36,171.52,184.48,170.24,791.45K,2.09%
2/1/2023,175.68,180.64,185.28,173.6,659.33K,-3.00%
01/31/2023,181.12,185.44,186.72,179.68,426.72K,-2.25%
01/30/2023,185.28,185.12,188.72,183.68,575.81K,2.48%
01/27/2023,180.80,184,184,176.96,591.40K,-1.31%
01/26/2023,183.20,183.84,187.68,182.4,501.67K,-1.55%
01/25/2023,186.08,191.84,197.52,185.12,723.76K,0.17%
01/24/2023,185.76,194.24,194.72,184.96,531.82K,-3.89%
01/23/2023,193.28,194.72,196.08,192.16,438.33K,-0.74%
01/20/2023,194.72,200.16,202.4,193.76,523.87K,-3.57%
01/19/2023,201.92,206.08,208.64,198.96,660.90K,0.56%
01/18/2023,200.80,192,202.24,190.74,713.14K,3.55%
01/17/2023,193.92,195.36,197.12,192.16,428.39K,0.83%
01/13/2023,192.32,198.72,198.72,190.56,598.89K,-2.51%
1/12/2023,197.28,203.52,206.4,196.96,668.47K,-4.93%
1/11/2023,207.52,205.12,208.64,204.96,407.62K,0.46%
1/10/2023,206.56,216.72,216.8,205.92,371.20K,-4.16%
1/9/2023,215.52,213.12,217.76,211.2,384.80K,0.52%
1/6/2023,214.40,215.36,218.08,211.12,445.20K,-2.33%
1/5/2023,219.52,220,223.04,218.4,384.19K,0.81%
1/4/2023,217.76,222.08,224,217.28,340.73K,-2.72%
1/3/2023,223.84,224,232,222.4,378.48K,-0.92%
12/30/2022,225.92,228.8,231.04,225.6,408.96K,-0.07%
12/29/2022,226.08,225.6,226.72,223.2,234.29K,-1.26%
12/28/2022,228.96,227.36,230.32,223.28,337.04K,-0.21%
12/27/2022,229.44,229.76,234.24,228,314.00K,-0.07%
12/23/2022,229.60,236,237.76,227.84,390.07K,-2.71%
12/22/2022,236.00,225.28,246.72,224.48,705.34K,5.43%
12/21/2022,223.84,227.52,228.16,222.56,339.66K,-3.78%
12/20/2022,232.64,235.2,239.04,229.76,307.83K,-0.75%
12/19/2022,234.40,239.04,239.28,230.4,516.01K,-2.40%
12/16/2022,240.16,244.64,247.68,237.12,493.12K,0.33%
12/15/2022,239.36,229.6,244.56,227.84,674.70K,6.25%
12/14/2022,225.28,232.8,235.52,223.92,494.89K,-3.43%
12/13/2022,233.28,229.76,242.08,228.96,477.15K,-4.14%
12/12/2022,243.36,244.32,246.24,240.88,365.19K,-0.59%
12/9/2022,244.80,240.96,245.6,238.88,296.65K,2.14%
12/8/2022,239.68,244.32,246.9,237.76,292.49K,-2.03%
12/7/2022,244.64,242.88,246.64,240.48,507.76K,1.46%
12/6/2022,241.12,233.44,243.12,230.72,503.80K,3.01%
12/5/2022,234.08,233.12,238.88,229.35,430.91K,1.74%
12/2/2022,230.08,239.04,239.52,229.44,496.08K,-1.78%
12/1/2022,234.24,238.08,242.96,233.92,373.50K,-1.88%
11/30/2022,238.72,248,252.32,236.64,493.08K,-3.68%
11/29/2022,247.84,250.4,253.24,246.72,232.40K,-1.46%
11/28/2022,251.52,247.52,253.6,244.48,330.21K,3.69%
11/25/2022,242.56,243.04,244.48,241.12,117.39K,0.53%
11/23/2022,241.28,247.36,248.24,240.96,304.84K,-2.20%
11/22/2022,246.72,253.28,253.28,246.24,226.55K,-3.44%
11/21/2022,255.52,263.04,263.6,254.88,215.74K,-2.68%
11/18/2022,262.56,263.2,268.32,262.16,315.91K,-1.03%
11/17/2022,265.28,274.24,274.72,264.64,262.66K,-0.96%
11/16/2022,267.84,271.52,273.28,267.2,248.59K,-2.67%
11/15/2022,275.20,265.28,283.04,264.81,553.16K,1.30%
11/14/2022,271.68,272,272.8,264.48,255.58K,0.00%
11/11/2022,271.68,277.28,279.52,271.2,280.89K,-1.34%
11/10/2022,275.36,274.88,277.42,268.8,423.84K,-5.49%
11/9/2022,291.36,283.2,293.28,282.72,273.20K,3.11%
11/8/2022,282.56,272.32,285.28,271.84,349.38K,2.91%
11/7/2022,274.56,276,278.72,271.68,187.03K,-1.10%
11/4/2022,277.60,274.88,283.52,269.36,329.25K,-1.25%
11/3/2022,281.12,290.56,294.16,278.72,179.45K,-2.06%
11/2/2022,287.04,281.76,288.48,276.96,234.51K,2.57%
11/1/2022,279.84,279.84,284.16,279.04,154.88K,-0.96%
10/31/2022,282.56,289.12,289.12,281.92,130.47K,-1.51%
10/28/2022,286.88,293.92,294.08,284.48,238.62K,-2.34%
10/27/2022,293.76,298.24,299.52,292.16,152.05K,-1.98%
10/26/2022,299.68,308.96,309.28,298.23,181.86K,-2.30%
10/25/2022,306.72,319.36,320.32,305.92,156.61K,-3.86%
10/24/2022,319.04,320.48,328.96,318.08,116.45K,-1.53%
10/21/2022,324.00,323.68,325.28,317.28,170.26K,-0.39%
10/20/2022,325.28,327.68,330.24,318.72,162.74K,-1.31%
10/19/2022,329.60,329.28,334.8,324.8,197.43K,0.78%
10/18/2022,327.04,326.88,335.52,325.44,191.80K,-1.92%
10/17/2022,333.44,332.96,334.56,326.4,214.60K,-2.84%
10/14/2022,343.20,328.96,348.96,326.88,303.66K,2.24%
10/13/2022,335.68,351.84,351.84,332.16,318.38K,-2.60%
10/12/2022,344.64,346.24,349.36,341.12,197.71K,-1.01%
10/11/2022,348.16,345.44,352.96,337.12,169.62K,1.54%
10/10/2022,342.88,336.96,351.19,336.32,146.53K,2.49%
10/7/2022,334.56,325.6,337.36,324.8,195.09K,4.08%
10/6/2022,321.44,310.88,323.04,308.32,107.97K,2.92%
10/5/2022,312.32,315.84,322.4,310.08,154.02K,0.67%
10/4/2022,310.24,309.76,314.4,306.88,220.86K,-3.77%
10/3/2022,322.40,327.68,330.56,316.24,230.59K,-5.00%
09/30/2022,339.36,331.2,339.36,320.32,189.34K,2.86%
09/29/2022,329.92,329.6,344,329.28,295.19K,2.74%
09/28/2022,321.12,332.8,337.92,317.12,263.47K,-4.20%
09/27/2022,335.20,320.96,342.88,319.68,213.20K,1.90%
09/26/2022,328.96,325.44,332.48,313.12,396.57K,3.73%
09/23/2022,317.12,308.16,333.44,308.16,352.58K,4.81%
09/22/2022,302.56,299.2,307.44,296.96,151.25K,0.27%
09/21/2022,301.76,291.04,302.4,285.76,205.24K,2.44%
09/20/2022,294.56,290.08,297.04,286.24,153.87K,2.33%
09/19/2022,287.84,303.04,303.52,285.6,406.99K,-9.19%
09/16/2022,316.96,316.48,320,314.4,166.93K,3.45%
09/15/2022,306.40,304.48,310.4,301.12,123.14K,0.31%
09/14/2022,305.44,303.68,309.92,302.4,90.14K,0.42%
09/13/2022,304.16,298.4,310.27,294.72,174.35K,4.74%
9/12/2022,290.40,292,293.31,288.48,118.84K,-1.73%
9/9/2022,295.52,292,296,288.16,96.28K,1.37%
9/8/2022,291.52,298.4,299.68,289.6,133.37K,-1.78%
9/7/2022,296.80,310.56,311.2,293.44,101.41K,-3.64%
9/6/2022,308.00,301.12,313.09,300,82.41K,0.84%
9/2/2022,305.44,307.2,310.4,299.58,139.26K,-1.80%
9/1/2022,311.04,305.92,317.76,305.92,107.09K,1.04%
08/31/2022,307.84,309.6,310.72,304.64,88.24K,-1.23%
08/30/2022,311.68,315.2,321.28,309.12,96.93K,-1.17%
08/29/2022,315.36,324.48,324.72,311.52,142.05K,-2.18%
08/26/2022,322.40,312,339.2,311.84,207.14K,2.28%
08/25/2022,315.20,312.32,316.08,307.36,77.87K,-0.51%
08/24/2022,316.80,322.4,322.56,313.52,93.44K,-1.69%
08/23/2022,322.24,337.92,339.04,320.96,210.91K,-5.09%
08/22/2022,339.52,345.92,346.4,336.32,150.05K,0.28%
08/19/2022,338.56,341.6,344,338.4,94.83K,0.09%
08/18/2022,338.24,338.4,340.16,337.44,67.11K,0.19%
08/17/2022,337.60,344,346.72,336.32,92.39K,-0.89%
08/16/2022,340.64,341.92,343.84,337.12,98.71K,-0.93%
08/15/2022,343.84,356.48,356.48,338.4,125.82K,-2.54%
8/12/2022,352.80,345.12,352.8,345.12,95.50K,1.66%
8/11/2022,347.04,343.04,349.76,337.28,95.12K,1.17%
8/10/2022,343.04,344.8,351.68,342.72,96.43K,-2.28%
8/9/2022,351.04,357.12,358.08,348.96,51.75K,-0.59%
8/8/2022,353.12,341.6,358.72,341.6,126.71K,2.65%
8/5/2022,344.00,349.12,351.36,340.96,109.16K,0.84%
8/4/2022,341.12,354.4,354.4,341.12,108.39K,-2.87%
8/3/2022,351.20,340.32,352.64,336.32,133.06K,1.39%
8/2/2022,346.40,350.88,352.32,340.32,116.13K,-0.69%
8/1/2022,348.80,343.68,348.8,336,159.31K,4.11%
07/29/2022,335.04,335.04,339.2,331.68,111.42K,0.58%
07/28/2022,333.12,338.56,345.44,331.2,141.04K,-2.30%
07/27/2022,340.96,339.2,343.52,335.53,163.76K,-1.66%
07/26/2022,346.72,343.04,349.52,339.52,188.07K,2.46%
07/25/2022,338.40,320.96,338.72,320.64,319.22K,-1.17%
07/22/2022,342.40,337.76,350.08,336.8,169.94K,0.94%
07/21/2022,339.20,345.28,348,338.24,152.13K,-1.72%
07/20/2022,345.12,347.84,348.4,342.08,133.63K,-1.28%
07/19/2022,349.60,343.68,349.6,341.6,112.19K,-0.27%
07/18/2022,350.56,339.84,352.64,337.92,139.59K,1.72%
07/15/2022,344.64,351.68,353.92,341.92,212.40K,-3.49%
07/14/2022,357.12,367.84,368.96,356.8,199.13K,-0.40%
07/13/2022,358.56,365.76,368.48,354.56,148.86K,-0.31%
7/12/2022,359.68,356.8,363.52,351.36,130.91K,1.22%
7/11/2022,355.36,355.68,360.8,350.88,142.26K,1.00%
7/8/2022,351.84,356.8,356.8,349.04,120.44K,-1.52%
7/7/2022,357.28,353.92,357.28,348.32,146.79K,0.77%
7/6/2022,354.56,361.28,367.04,354.56,111.70K,-1.73%
7/5/2022,360.80,370.24,376.32,360.32,159.05K,0.04%
7/1/2022,360.64,370.88,376.64,358.56,140.60K,-2.34%
06/30/2022,369.28,372,380.32,364.48,162.40K,1.05%
06/29/2022,365.44,368,373.6,361.52,137.14K,0.26%
06/28/2022,364.48,356,368.96,354.72,197.28K,0.80%
06/27/2022,361.60,366.24,370.72,360,148.08K,-2.25%
06/24/2022,369.92,369.44,372,364.8,508.31K,-1.20%
06/23/2022,374.40,374.72,383.04,366.08,480.81K,-1.85%
06/22/2022,381.44,397.6,398.54,376.48,211.70K,-2.69%
06/21/2022,392.00,381.6,392,378.08,206.57K,-0.65%
06/17/2022,394.56,402.4,409.44,390.56,197.87K,-2.91%
06/16/2022,406.40,399.36,417.44,396.64,298.44K,5.97%
06/15/2022,383.52,396.8,400.8,370.58,353.87K,-5.37%
06/14/2022,405.28,409.28,416.96,400.32,206.97K,-1.97%
06/13/2022,413.44,394.08,420.64,392.32,464.05K,10.76%
6/10/2022,373.28,372.8,385.6,367.68,457.84K,0.86%
6/9/2022,370.08,348,373.44,345.12,268.08K,6.10%
6/8/2022,348.80,348,351.36,342.4,142.21K,0.60%
6/7/2022,346.72,352.16,357.44,345.76,180.10K,-1.63%
6/6/2022,352.48,345.76,359.2,344.24,241.29K,0.64%
6/3/2022,350.24,354.56,362.73,349.44,202.19K,0.88%
6/2/2022,347.20,358.24,360.64,347.2,215.45K,-2.52%
6/1/2022,356.16,354.4,371.2,351.36,197.37K,-1.33%
05/31/2022,360.96,364.8,368.77,355.2,227.04K,0.45%
05/27/2022,359.36,363.52,365.92,355.2,205.16K,-3.44%
05/26/2022,372.16,374.24,374.72,366.24,202.99K,-1.65%
05/25/2022,378.40,390.4,391.2,369.6,188.78K,-1.58%
05/24/2022,384.48,390.4,400,382.72,313.74K,-0.12%
05/23/2022,384.96,396.96,410.08,373.28,366.52K,-3.95%
05/20/2022,400.80,398.4,424,395.6,421.69K,-1.20%
05/19/2022,405.68,420.64,429.76,404.48,275.48K,-2.82%
05/18/2022,417.44,404.8,423.52,392.32,327.18K,5.24%
05/17/2022,396.64,385.12,411.84,385.12,224.91K,0.41%
05/16/2022,395.04,416,419.04,390.4,260.40K,-4.93%
05/13/2022,415.52,420.32,423.68,412.32,198.41K,-3.56%
5/12/2022,430.88,439.36,451.04,425.28,228.69K,-1.28%
5/11/2022,436.48,434.4,443.2,416.48,171.51K,0.83%
5/10/2022,432.88,428.8,454.88,424.8,284.28K,-3.41%
5/9/2022,448.16,453.28,459.04,437.12,279.59K,3.47%
5/6/2022,433.12,438.4,455.36,426.24,366.57K,0.26%
5/5/2022,432.00,400.96,441.28,400.96,483.02K,8.65%
5/4/2022,397.60,425.28,429.44,397.6,293.82K,-8.13%
5/3/2022,432.80,434.24,444.96,428.32,153.86K,-1.64%
5/2/2022,440.00,462.24,468.48,440,329.70K,-0.76%
04/29/2022,443.36,424.16,450.4,417.44,385.74K,6.41%
04/28/2022,416.64,414.4,443.36,408,315.93K,-4.26%
04/27/2022,435.20,416.16,436,408.16,379.37K,3.23%
04/26/2022,421.60,403.68,434.56,403.36,296.85K,6.25%
04/25/2022,396.80,425.6,431.52,396.8,338.91K,-5.16%
04/22/2022,418.40,397.92,424,396.96,277.27K,5.19%
04/21/2022,397.76,387.2,403.52,384.16,164.50K,1.93%
04/20/2022,390.24,389.76,402.72,388.96,106.80K,-1.37%
04/19/2022,395.68,401.28,403.84,391.36,159.61K,-2.29%
04/18/2022,404.96,402.4,409.42,397.44,157.39K,1.28%
04/14/2022,399.84,392.32,401.12,386.4,183.29K,1.63%
04/13/2022,393.44,412,416.32,392.48,184.48K,-4.47%
4/12/2022,411.84,402.88,421.92,395.2,270.60K,-1.38%
4/11/2022,417.60,406.08,417.6,396,219.06K,5.80%
4/8/2022,394.72,389.6,400,379.44,173.84K,2.58%
4/7/2022,384.80,394.88,399.2,384.16,205.33K,-1.35%
4/6/2022,390.08,416.16,423.52,389.6,296.70K,-1.73%
4/5/2022,396.96,393.6,414.24,386.74,281.39K,1.56%
4/4/2022,390.88,400.16,404.48,383.84,227.62K,-2.40%
4/1/2022,400.48,409.12,414.24,400,192.09K,-2.61%
03/31/2022,411.20,405.28,416.32,403.36,185.40K,2.80%
03/30/2022,400.00,404.48,412.96,396.48,249.15K,0.60%
03/29/2022,397.60,401.6,407.84,387.52,323.28K,-3.42%
03/28/2022,411.68,411.52,487.52,406.4,681.45K,2.10%
03/25/2022,403.20,400.8,412.48,399.04,280.69K,0.00%
03/24/2022,403.20,400.32,416.48,396,224.44K,-1.14%
03/23/2022,407.84,414.4,415.84,391.68,308.42K,0.18%
03/22/2022,407.12,408.64,410.4,391.68,305.65K,-2.17%
03/21/2022,416.16,396.64,421.12,382.24,604.96K,4.04%
03/18/2022,400.00,438.08,446.08,394.24,607.34K,-4.40%
03/17/2022,418.40,422.4,440.64,412.8,540.48K,0.77%
03/16/2022,415.20,472.64,474.72,414.24,977.75K,-9.58%
03/15/2022,459.20,494.24,666.4,459.2,3.29M,-0.38%
03/14/2022,460.96,419.36,492,407.2,4.16M,9.38%
3/11/2022,421.44,400.48,422.88,399.84,3.19M,1.97%
3/10/2022,413.28,438.4,440.48,412.96,3.07M,-4.44%
3/9/2022,432.48,427.12,435.52,419.2,3.95M,-3.98%
3/8/2022,450.40,452.16,469.76,426.88,5.54M,-1.19%
3/7/2022,455.84,420.8,456.48,420.16,4.19M,8.74%
3/4/2022,419.20,423.84,437.12,416.4,3.85M,4.34%
3/3/2022,401.76,394.88,412.32,389.44,3.27M,0.60%
3/2/2022,399.36,420.96,423.84,395.2,3.34M,-6.41%
3/1/2022,426.72,394.4,431.52,389.12,4.54M,11.13%
02/28/2022,384.00,395.2,399.52,376.8,4.64M,4.58%
02/25/2022,367.20,379.52,387.2,361.92,4.07M,-4.08%
02/24/2022,382.80,438.4,439.2,380.32,6.92M,-3.14%
02/23/2022,395.20,363.68,396.32,362.4,4.76M,5.74%
02/22/2022,373.76,380.64,393.92,366.08,5.43M,-0.38%
02/18/2022,375.20,370.88,385.12,364.8,4.74M,2.13%
02/17/2022,367.36,347.36,369.44,345.92,4.20M,11.84%
02/16/2022,328.48,347.2,354.24,327.36,3.58M,-4.02%
02/15/2022,342.24,346.88,355.52,341.28,3.48M,-8.24%
02/14/2022,372.96,372.96,396.8,368.16,6.48M,0.30%
2/11/2022,371.84,327.52,381.92,324.72,7.31M,13.59%
2/10/2022,327.36,315.68,335.44,300.48,5.39M,9.35%
2/9/2022,299.36,303.04,306.4,299.36,2.69M,-4.05%
2/8/2022,312.00,323.52,329.39,310.56,2.61M,-4.51%
2/7/2022,326.72,328,331.84,319.52,2.80M,-2.76%
2/4/2022,336.00,344.32,354.56,324.8,4.07M,-3.58%
2/3/2022,348.48,330.24,351.52,321.52,4.39M,12.15%
2/2/2022,310.72,315.36,323.68,308.8,2.78M,-2.12%
2/1/2022,317.44,336.16,345.92,316.72,3.35M,-7.33%
01/31/2022,342.56,371.36,374.4,342.56,3.94M,-6.71%
01/28/2022,367.20,383.84,400.64,365.28,6.40M,-6.29%
01/27/2022,391.84,369.6,402.08,362.16,7.55M,0.70%
01/26/2022,389.12,364.8,397.84,348.16,9.09M,1.93%
01/25/2022,381.76,405.28,420.16,370.4,8.89M,0.59%
01/24/2022,379.52,400.16,445.44,372.34,11.68M,2.24%
01/21/2022,371.20,345.6,371.68,338.4,8.54M,9.23%
01/20/2022,339.84,317.76,342.24,305.28,4.42M,4.32%
01/19/2022,325.76,311.52,328.64,310,4.46M,2.36%
01/18/2022,318.24,308,320.64,307.36,4.32M,7.80%
01/14/2022,295.20,309.92,311.44,292.72,5.41M,-1.55%
01/13/2022,299.84,281.28,302.23,278.4,3.69M,6.30%
1/12/2022,282.08,281.44,287.68,276.72,2.70M,-1.07%
1/11/2022,285.12,299.52,305.92,284.32,3.28M,-3.52%
1/10/2022,295.52,312.64,329.68,294.56,5.77M,-1.86%
1/7/2022,301.12,309.12,317.76,299.68,3.27M,-2.89%
1/6/2022,310.08,309.92,315.2,300.88,4.08M,0.47%
1/5/2022,308.64,288.32,308.96,281.6,4.89M,7.89%
1/4/2022,286.08,284.16,294.72,283.36,2.59M,-0.11%
1/3/2022,286.40,292.48,298.4,285.76,2.41M,-3.40%
12/31/2021,296.48,298.4,301.76,293.92,1.46M,-0.96%
12/30/2021,299.36,297.76,302,292.64,1.30M,0.00%
12/29/2021,299.36,306.88,310.24,296.8,1.56M,-2.60%
12/28/2021,307.36,313.44,316.8,306.72,1.92M,-2.49%
12/27/2021,315.20,320.32,324.64,313.6,1.67M,-2.38%
12/23/2021,322.88,323.2,324.48,319.2,1.98M,-1.13%
12/22/2021,326.56,345.76,345.76,326.24,1.96M,-5.77%
12/21/2021,346.56,352.48,360.96,342.56,2.37M,-4.92%
12/20/2021,364.48,384,397.92,361.6,4.58M,3.69%
12/17/2021,351.52,353.76,361.92,337.92,4.35M,3.19%
12/16/2021,340.64,320.96,351.6,319.36,4.97M,4.21%
12/15/2021,326.88,354.08,368.16,325.6,4.54M,-6.84%
12/14/2021,350.88,357.6,368.13,347.68,3.20M,1.34%
12/13/2021,346.24,335.68,349.6,334.88,2.64M,4.14%
12/10/2021,332.48,338.24,349.44,331.68,2.89M,-6.40%
12/9/2021,355.20,345.44,362.24,339.84,3.08M,3.16%
12/8/2021,344.32,363.2,368.48,344.32,1.58M,-6.03%
12/7/2021,366.40,388.48,388.64,361.6,2.76M,-11.17%
12/6/2021,412.48,431.52,446.88,410.24,4.45M,-7.80%
12/3/2021,447.36,408,482.4,404.8,8.29M,8.71%
12/2/2021,411.52,423.52,431.2,402.72,3.57M,-5.79%
12/1/2021,436.80,378.08,437.92,364.08,4.39M,7.23%
11/30/2021,407.36,375.84,408.32,368.48,4.46M,15.46%
11/29/2021,352.80,370.56,373.76,346.16,3.10M,-15.71%
11/26/2021,418.56,367.52,423.04,362,5.18M,27.30%
11/24/2021,328.80,341.6,347.84,326.72,2.17M,-1.44%
11/23/2021,333.60,341.44,348,331.52,2.63M,-2.25%
11/22/2021,341.28,328.16,342.72,326.08,2.48M,1.77%
11/19/2021,335.36,332.96,339.2,328.16,1.97M,1.21%
11/18/2021,331.36,324.8,335.68,323.52,1.56M,0.93%
11/17/2021,328.32,322.08,329.6,319.84,1.46M,1.63%
11/16/2021,323.04,324.32,324.8,317.76,1.21M,0.35%
11/15/2021,321.92,321.76,332.8,321.6,1.27M,-1.18%
11/12/2021,325.76,332.16,335.2,324.48,1.38M,-3.69%
11/11/2021,338.24,337.6,341.52,330.88,1.15M,-2.13%
11/10/2021,345.60,346.4,353.76,333.28,3.36M,1.84%
11/9/2021,339.36,336.48,347.68,335.68,2.31M,1.68%
11/8/2021,333.76,328.16,340,327.04,1.57M,0.14%
11/5/2021,333.28,318.4,334.88,317.12,2.27M,3.89%
11/4/2021,320.80,313.6,326.24,311.52,2.05M,1.16%
11/3/2021,317.12,329.44,331.68,314.24,2.48M,-3.46%
11/2/2021,328.48,336.64,336.96,328.32,1.29M,-2.70%
11/1/2021,337.60,339.84,350.4,336.88,1.37M,-1.59%
10/29/2021,343.04,348.8,349.76,340.16,1.66M,0.80%
10/28/2021,340.32,345.12,346.72,339.07,1.28M,-3.10%
10/27/2021,351.20,342.08,352.64,334.24,2.13M,2.24%
10/26/2021,343.52,333.28,350.96,332.64,1.95M,1.95%
10/25/2021,336.96,344,350.56,336.48,1.78M,-2.95%
10/22/2021,347.20,340.8,355.2,336.96,2.28M,2.26%
10/21/2021,339.52,353.44,355.12,339.04,1.62M,-3.33%
10/20/2021,351.20,355.2,356.16,349.28,1.60M,-0.90%
10/19/2021,354.40,355.52,358.72,352,1.57M,-0.98%
10/18/2021,357.92,370.4,371.36,357.28,1.32M,-1.84%
10/15/2021,364.64,361.76,367.04,354.88,1.84M,-0.09%
10/14/2021,364.96,373.76,375.84,364.64,2.12M,-5.51%
10/13/2021,386.24,391.68,400.16,385.12,2.41M,-1.91%
10/12/2021,393.76,395.52,403.04,389.44,1.54M,-2.03%
10/11/2021,401.92,400,402.24,386.4,1.68M,1.33%
10/8/2021,396.64,399.2,403.04,393.6,2.04M,-1.86%
10/7/2021,404.16,412.32,412.32,402.88,1.69M,-3.62%
10/6/2021,419.36,435.04,452.48,418.4,3.28M,-1.28%
10/5/2021,424.80,437.44,440.8,416.64,2.05M,-3.70%
10/4/2021,441.12,429.6,456,425.76,3.55M,2.80%
10/1/2021,429.12,435.68,451.04,418.4,2.63M,-3.63%
09/30/2021,445.28,433.12,453.2,423.04,3.72M,0.07%
09/29/2021,444.96,435.84,448.64,430.56,2.85M,1.46%
09/28/2021,438.56,413.92,447.68,410.08,4.76M,10.44%
09/27/2021,397.12,395.84,400.8,389.92,1.63M,0.98%
09/24/2021,393.28,415.68,416.48,392.48,2.14M,-3.08%
09/23/2021,405.76,419.2,419.98,404.08,2.94M,-6.32%
09/22/2021,433.12,446.72,452.96,423.84,3.44M,-6.20%
09/21/2021,461.76,462.4,486.08,451.36,3.38M,-2.96%
09/20/2021,475.84,462.72,518.56,452,6.37M,10.93%
09/17/2021,428.96,404.8,430.4,402.08,2.85M,6.47%
09/16/2021,402.88,409.28,418.88,398.48,2.28M,-0.98%
09/15/2021,406.88,415.52,424.64,403.84,2.09M,-3.89%
09/14/2021,423.36,411.2,430.4,408.16,2.62M,1.42%
09/13/2021,417.44,414.24,436.96,412.16,2.85M,-3.58%
9/10/2021,432.96,402.4,435.52,398.72,2.32M,3.88%
9/9/2021,416.80,411.52,418.72,399.36,1.83M,2.12%
9/8/2021,408.16,416.64,423.2,407.04,1.77M,-0.16%
9/7/2021,408.80,401.92,412.65,401.44,1.46M,2.45%
9/3/2021,399.04,403.2,406.88,395.68,1.71M,0.69%
9/2/2021,396.32,393.12,404.16,392.16,1.53M,-0.20%
9/1/2021,397.12,405.28,408.8,394.4,1.20M,-2.63%
08/31/2021,407.84,412,415.52,407.12,996.89K,-0.39%
08/30/2021,409.44,408.64,414.24,406.72,1.18M,-1.01%
08/27/2021,413.60,429.44,429.6,410.4,1.67M,-5.14%
08/26/2021,436.00,424,441.28,420.32,2.25M,4.29%
08/25/2021,418.08,425.92,428.16,416.64,920.72K,-2.17%
08/24/2021,427.36,426.88,430.8,424.48,1.05M,-0.37%
08/23/2021,428.96,431.84,431.94,421.76,1.48M,-3.42%
08/20/2021,444.16,472.96,475.36,440.48,2.14M,-7.51%
08/19/2021,480.24,486.56,494.4,462.88,4.62M,3.25%
08/18/2021,465.12,441.28,469.04,434.88,2.39M,6.87%
08/17/2021,435.20,434.72,456.96,428.32,3.25M,3.34%
08/16/2021,421.12,430.88,439.68,421.12,2.03M,0.15%
08/13/2021,420.48,413.92,422.24,412.08,1.06M,0.15%
8/12/2021,419.84,431.36,432.8,415.04,1.15M,-2.02%
8/11/2021,428.48,436.96,440.48,426.56,1.23M,-2.72%
8/10/2021,440.48,442.08,446.88,435.68,1.10M,-1.71%
8/9/2021,448.16,451.68,456.8,444.32,1.30M,1483.60%
8/8/2021,28.30,28.3,28.3,28.3,,0.00%
8/7/2021,28.30,28.3,28.3,28.3,,-93.75%
8/6/2021,452.80,460.16,463.12,452.16,1.19M,-2.58%
8/5/2021,464.80,472,472.64,464.16,1.14M,-2.42%
8/4/2021,476.32,485.92,487.84,471.68,1.09M,-0.13%
8/3/2021,476.96,494.08,507.36,476.8,1.81M,-5.00%
8/2/2021,502.08,478.08,504.64,476,1.42M,3.87%
07/30/2021,483.36,488.8,489.6,472.32,1.37M,2.44%
07/29/2021,471.84,477.6,477.6,468.56,982.35K,-1.67%
07/28/2021,479.84,488.64,502.72,472.64,1.89M,-2.82%
07/27/2021,493.76,488.16,518.88,488.16,2.49M,3.38%
07/26/2021,477.60,491.04,496.96,477.6,1.29M,-1.58%
07/23/2021,485.28,477.12,487.04,475.84,1.45M,-0.46%
07/22/2021,487.52,481.92,495.04,475.2,1.54M,1.77%
07/21/2021,479.04,499.84,501.76,477.92,1.52M,-6.35%
07/20/2021,511.52,554.24,563.68,504.48,2.21M,-8.42%
07/19/2021,558.56,516.96,592.64,512,4.95M,14.27%
07/16/2021,488.80,459.04,489.92,456.16,1.67M,4.16%
07/15/2021,469.28,474.88,480.32,466.24,2.05M,1.45%
07/14/2021,462.56,462.24,479.36,458.4,1.69M,-2.30%
07/13/2021,473.44,468,475.2,457.76,1.38M,1.20%
7/12/2021,467.84,472.16,474.56,464.48,878.54K,-0.65%
7/9/2021,470.88,489.44,492.64,468.48,1.46M,-6.72%
7/8/2021,504.80,515.84,519.52,496.48,2.31M,6.48%
7/7/2021,474.08,468,490.08,467.04,1.22M,0.20%
7/6/2021,473.12,458.56,487.2,458.08,1.58M,1536.53%
7/5/2021,28.91,28.91,28.91,28.91,,0.00%
7/4/2021,28.91,28.91,28.91,28.91,,0.00%
7/3/2021,28.91,28.91,28.91,28.91,,-93.75%
7/2/2021,462.56,452.32,465.68,449.12,1.70M,-0.24%
7/1/2021,463.68,466.4,470.69,462.43,1.12M,-1.63%
06/30/2021,471.36,479.84,482.88,466.88,1.19M,-1.04%
06/29/2021,476.32,463.84,477.44,462.08,889.33K,2.13%
06/28/2021,466.40,463.68,474.08,461.44,1.07M,0.00%
06/25/2021,466.40,472.96,478.4,466.4,995.58K,-1.85%
06/24/2021,475.20,472.32,478.08,470.72,892.82K,-1.95%
06/23/2021,484.64,487.52,489.92,479.52,940.03K,-1.88%
06/22/2021,493.92,523.84,526.56,493.76,1.16M,-5.13%
06/21/2021,520.64,535.2,551.68,512.64,1.44M,-6.20%
06/18/2021,555.04,534.24,558.08,520,3.14M,8.78%
06/17/2021,510.24,514.56,521.36,492.4,1.95M,-0.56%
06/16/2021,513.12,501.92,526.86,492.96,3.08M,0.88%
06/15/2021,508.64,500,512.48,497.6,1.35M,2.19%
06/14/2021,497.76,491.68,507.04,490.08,1.27M,0.94%
6/11/2021,493.12,496.96,498.56,489.28,1.24M,-2.87%
6/10/2021,507.68,524.64,527.68,506.24,1.52M,-5.79%
6/9/2021,538.88,524.96,542.56,524.16,1.01M,1.63%
6/8/2021,530.24,521.6,542.08,520.32,1.28M,1.07%
6/7/2021,524.64,533.76,539.2,523.52,883.58K,-1.80%
6/4/2021,534.24,546.08,546.08,532,1.24M,-5.28%
6/3/2021,564.00,570.81,578.88,555.55,1.54M,1.85%
6/2/2021,553.76,561.92,567.2,545.76,1.25M,-2.59%
6/1/2021,568.48,541.6,569.12,538.87,1.20M,2.39%
05/28/2021,555.20,541.12,556,538.56,1.06M,1.58%
05/27/2021,546.56,568,568.32,542.88,1.18M,-4.85%
05/26/2021,574.40,594.24,596.32,572,1.43M,-4.77%
05/25/2021,603.20,599.52,613.6,598,1.17M,-0.08%
05/24/2021,603.68,618.72,619.68,596.8,978.79K,-4.43%
05/21/2021,631.68,629.28,640.32,621.6,1.54M,-1.28%
05/20/2021,639.84,658.88,668.16,633.6,1.85M,-5.57%
05/19/2021,677.60,689.76,741.12,672.88,4.05M,4.70%
05/18/2021,647.20,630.08,649.76,614.72,1.77M,1.45%
05/17/2021,637.92,629.92,662.56,618.4,2.12M,3.28%
05/14/2021,617.68,663.52,664,611.52,1.41M,-11.76%
05/13/2021,700.00,730.88,731.36,679.04,2.70M,-9.60%
5/12/2021,774.32,684.48,799.2,682.56,4.51M,17.44%
5/11/2021,659.36,648.48,674.4,628.8,2.52M,7.46%
5/10/2021,613.60,586.88,614.4,576.64,1.54M,4.38%
5/7/2021,587.84,622.72,624.48,585.2,1.15M,-5.67%
5/6/2021,623.20,628.8,654.08,621.2,1.38M,-0.61%
5/5/2021,627.04,632,646.8,615.68,1.27M,-2.54%
5/4/2021,643.36,636,678.24,631.36,2.22M,3.77%
5/3/2021,620.00,627.2,633.92,619.2,969.29K,-3.51%
04/30/2021,642.56,630.56,648.48,622.88,1.22M,4.12%
04/29/2021,617.12,610.4,642.72,608,1.35M,-0.77%
04/28/2021,621.92,621.44,630.24,615.84,897.31K,-0.36%
04/27/2021,624.16,633.44,643.84,621.44,866.39K,-2.03%
04/26/2021,637.12,636.32,646.84,634.11,720.65K,-0.87%
04/23/2021,642.72,661.92,665.28,628.48,1.95M,-3.90%
04/22/2021,668.80,629.12,680.96,625.28,1.75M,6.20%
04/21/2021,629.76,668.8,677.12,626.56,848.36K,-5.38%
04/20/2021,665.60,659.2,687.36,653.44,1.35M,2.26%
04/19/2021,650.88,632.96,668.8,630.4,1.29M,3.67%
04/16/2021,627.84,637.44,642.56,622.72,771.92K,-1.60%
04/15/2021,638.08,643.84,647.04,634.24,830.59K,-3.30%
04/14/2021,659.84,648.32,663.68,642.56,932.93K,2.18%
04/13/2021,645.76,650.88,653.44,640,760.25K,-0.69%
4/12/2021,650.24,664.96,677.76,650.24,651.72K,-1.45%
4/9/2021,659.84,666.88,671.04,648.96,748.84K,-0.19%
4/8/2021,661.12,661.76,668.16,654.72,666.50K,-1.53%
4/7/2021,671.36,689.28,691.52,668.16,628.22K,-2.60%
4/6/2021,689.28,688.64,694.08,677.12,695.77K,0.00%
4/5/2021,689.28,685.44,697.28,682.88,825.09K,-2.53%
4/1/2021,707.20,720,724.48,702.08,749.68K,-3.07%
03/31/2021,729.60,728.32,745.6,716.16,917.78K,-0.78%
03/30/2021,735.36,768.64,777.6,734.72,738.69K,-4.33%
03/29/2021,768.64,768.64,791.68,760.96,990.71K,2.30%
03/26/2021,751.36,768.64,799.36,742.4,1.23M,-4.01%
03/25/2021,782.72,812.16,851.2,778.24,1.17M,-3.01%
03/24/2021,807.04,783.36,807.68,767.36,748.22K,0.88%
03/23/2021,800.00,769.92,814.4,766.72,959.34K,4.69%
03/22/2021,764.16,807.68,812.16,758.4,753.54K,-6.50%
03/19/2021,817.28,845.44,867.84,812.8,897.45K,-3.91%
03/18/2021,850.56,823.04,858.24,806.4,977.31K,5.56%
03/17/2021,805.76,851.2,856,804.48,1.03M,-4.33%
03/16/2021,842.24,840.96,843.52,817.28,800.42K,0.00%
03/15/2021,842.24,890.24,896.96,839.04,788.71K,-5.66%
3/12/2021,892.80,926.72,929.92,892.8,740.75K,-1.90%
3/11/2021,910.08,918.4,920.32,903.68,667.84K,-2.47%
3/10/2021,933.12,919.68,940.48,919.68,713.34K,-1.29%
3/9/2021,945.28,957.44,961.92,933.76,826.10K,-4.03%
3/8/2021,984.96,969.6,993.28,949.12,1.09M,1.79%
3/5/2021,967.68,"1,001.60","1,071.36",964.48,1.62M,-7.07%
3/4/2021,1041.28,987.52,"1,085.50",965.12,1.92M,4.23%
3/3/2021,999.04,951.04,"1,001.60",942.72,1.60M,4.28%
3/2/2021,958.08,951.68,963.12,938.24,778.55K,0.88%
3/1/2021,949.76,965.12,965.12,937.6,840.71K,-7.42%
02/26/2021,1025.92,"1,029.15","1,106.56","1,001.60",1.90M,-4.53%
02/25/2021,1074.56,947.2,"1,100.80",931.2,2.43M,15.95%
02/24/2021,926.72,990.72,"1,000.96",924.16,932.72K,-3.98%
02/23/2021,965.12,"1,012.48","1,062.40",963.84,1.46M,-4.13%
02/22/2021,1006.72,998.4,"1,007.36",969.6,861.64K,4.17%
02/19/2021,966.40,993.28,996.16,954.88,973.39K,-3.58%
02/18/2021,1002.24,"1,025.28","1,038.08",992,857.33K,0.51%
02/17/2021,997.12,"1,034.24","1,051.52",993.92,862.47K,-2.07%
02/16/2021,1018.24,"1,011.84","1,029.76",998.4,837.21K,1.08%
2/12/2021,1007.36,"1,051.52","1,051.52","1,005.44",767.36K,-3.32%
2/11/2021,1041.92,"1,053.44","1,090.56","1,040.64",769.49K,-2.34%
2/10/2021,1066.88,"1,042.56","1,097.60","1,040.64",1.05M,1.65%
2/9/2021,1049.60,"1,059.84","1,066.88","1,036.16",535.33K,0.43%
2/8/2021,1045.12,"1,048.32","1,064.32","1,045.12",408.61K,-0.85%
2/5/2021,1054.08,"1,050.88","1,075.84","1,050.24",541.82K,-0.18%
2/4/2021,1056.00,"1,080.32","1,082.88","1,056.00",476.99K,-4.35%
2/3/2021,1104.00,"1,138.56","1,155.84","1,102.08",585.47K,-5.17%
2/2/2021,1164.16,"1,210.25","1,213.43","1,152.00",662.26K,-8.50%
2/1/2021,1272.32,"1,285.76","1,362.56","1,254.72",1.02M,-5.69%
01/29/2021,1349.12,"1,298.56","1,392.64","1,228.16",1.92M,6.52%
01/28/2021,1266.56,"1,240.32","1,297.92","1,204.48",1.20M,-2.27%
01/27/2021,1296.00,"1,130.88","1,315.84","1,128.96",1.94M,17.73%
01/26/2021,1100.80,"1,072.64","1,100.80","1,027.20",760.28K,0.82%
01/25/2021,1091.84,"1,059.20","1,137.60","1,052.16",1.16M,4.02%
01/22/2021,1049.60,"1,061.12","1,067.20","1,036.80",671.28K,1.36%
01/21/2021,1035.52,"1,044.48","1,061.12","1,033.60",668.67K,-0.80%
01/20/2021,1043.84,"1,050.24","1,065.60","1,038.08",545.52K,-1.92%
01/19/2021,1064.32,"1,068.16","1,083.52","1,057.92",677.18K,-2.81%
01/15/2021,1095.04,"1,083.52","1,120.00","1,067.52",902.30K,2.58%
01/14/2021,1067.52,"1,046.40","1,073.28","1,032.96",588.61K,1.15%
01/13/2021,1055.36,"1,071.36","1,079.03","1,045.76",457.49K,-1.55%
1/12/2021,1072.00,"1,084.80","1,116.80","1,068.80",527.20K,-3.40%
1/11/2021,1109.76,"1,084.80","1,113.60","1,068.16",645.05K,6.06%
1/8/2021,1046.40,"1,049.60","1,084.15","1,038.78",694.12K,-0.91%
1/7/2021,1056.00,"1,075.20","1,079.68","1,056.00",610.44K,-5.98%
1/6/2021,1123.20,"1,118.08","1,152.00","1,058.56",1.16M,-0.51%
1/5/2021,1128.96,"1,196.16","1,197.44","1,119.04",728.29K,-3.34%
1/4/2021,1168.00,"1,073.28","1,203.20","1,072.00",1.11M,8.70%
12/31/2020,1074.56,"1,073.92","1,092.48","1,053.44",458.57K,-0.06%
12/30/2020,1075.20,"1,110.37","1,115.52","1,071.36",430.82K,-3.61%
12/29/2020,1115.52,"1,061.12","1,136.63","1,059.84",568.00K,3.63%
12/28/2020,1076.48,"1,064.32","1,077.76","1,059.84",313.98K,-0.36%
12/24/2020,1080.32,"1,096.32","1,096.96","1,080.00",219.34K,-2.88%
12/23/2020,1112.32,"1,134.08","1,136.96","1,091.84",516.39K,-4.03%
12/22/2020,1159.04,"1,166.72","1,182.71","1,152.64",568.51K,-1.79%
12/21/2020,1180.16,"1,201.92","1,246.08","1,155.84",1.39M,7.96%
12/18/2020,1093.12,"1,080.32","1,124.48","1,079.68",811.19K,1.97%
12/17/2020,1072.00,"1,089.28","1,095.68","1,063.68",612.56K,-1.41%
12/16/2020,1087.36,"1,121.28","1,133.44","1,086.08",651.36K,-3.25%
12/15/2020,1123.84,"1,151.36","1,164.80","1,122.56",662.01K,-4.62%
12/14/2020,1178.24,"1,114.88","1,182.72","1,104.64",615.53K,2.28%
12/11/2020,1152.00,"1,138.56","1,182.72","1,121.28",878.64K,3.69%
12/10/2020,1111.04,"1,109.76","1,118.08","1,080.64",721.93K,0.93%
12/9/2020,1100.80,"1,050.24","1,110.40","1,041.92",1.05M,3.68%
12/8/2020,1061.76,"1,108.48","1,110.08","1,061.76",466.09K,-3.60%
12/7/2020,1101.44,"1,106.56","1,112.64","1,095.68",468.11K,0.58%
12/4/2020,1095.04,"1,101.44","1,102.08","1,084.80",541.02K,-1.78%
12/3/2020,1114.88,"1,091.20","1,124.16","1,088.00",537.30K,0.93%
12/2/2020,1104.64,"1,112.31","1,112.32","1,080.96",478.31K,-0.52%
12/1/2020,1110.40,"1,088.64","1,114.88","1,081.60",594.52K,0.99%
11/30/2020,1099.52,"1,124.48","1,162.88","1,097.60",444.43K,-1.88%
11/27/2020,1120.64,"1,104.00","1,128.84","1,094.40",257.73K,0.69%
11/25/2020,1112.96,"1,156.48","1,171.84","1,111.04",389.70K,-3.66%
11/24/2020,1155.20,"1,150.72","1,175.36","1,148.16",528.15K,-1.69%
11/23/2020,1175.04,"1,174.40","1,198.40","1,154.56",509.55K,-1.29%
11/20/2020,1190.40,"1,191.68","1,195.52","1,167.36",452.75K,-0.21%
11/19/2020,1192.96,"1,202.56","1,220.48","1,173.12",445.48K,-1.06%
11/18/2020,1205.76,"1,159.04","1,216.00","1,146.88",569.98K,2.95%
11/17/2020,1171.20,"1,215.36","1,222.40","1,168.64",511.14K,-1.29%
11/16/2020,1186.56,"1,191.04","1,235.20","1,186.56",506.87K,-2.83%
11/13/2020,1221.12,"1,257.60","1,258.88","1,200.00",592.43K,-6.15%
11/12/2020,1301.12,"1,233.79","1,328.00","1,220.48",1.05M,7.06%
11/11/2020,1215.36,"1,225.60","1,241.60","1,192.32",513.58K,-2.47%
11/10/2020,1246.08,"1,252.48","1,299.20","1,242.88",530.82K,-2.99%
11/9/2020,1284.48,"1,221.12","1,287.04","1,166.08",936.41K,-2.19%
11/6/2020,1313.28,"1,395.20","1,396.48","1,312.64",665.72K,-6.64%
11/5/2020,1406.72,"1,384.96","1,422.72","1,372.16",570.57K,-1.66%
11/4/2020,1430.40,"1,504.00","1,507.84","1,420.80",1.02M,-8.81%
11/3/2020,1568.64,"1,609.60","1,619.84","1,548.16",608.53K,-5.51%
11/2/2020,1660.16,"1,621.12","1,683.20","1,616.00",648.96K,-2.22%
10/30/2020,1697.92,"1,675.52","1,728.64","1,649.28",626.07K,3.03%
10/29/2020,1648.00,"1,738.88","1,773.44","1,596.16",734.40K,-7.14%
10/28/2020,1774.72,"1,670.40","1,777.16","1,649.28",1.21M,14.26%
10/27/2020,1553.28,"1,546.75","1,580.16","1,520.00",532.88K,0.41%
10/26/2020,1546.88,"1,452.80","1,572.48","1,438.08",795.20K,9.02%
10/23/2020,1418.88,"1,411.84","1,450.24","1,409.28",295.71K,0.09%
10/22/2020,1417.60,"1,448.96","1,461.76","1,404.16",354.29K,-2.34%
10/21/2020,1451.52,"1,478.40","1,498.24","1,442.07",424.60K,-2.37%
10/20/2020,1486.72,"1,477.12","1,495.04","1,463.68",464.87K,-0.04%
10/19/2020,1487.36,"1,417.60","1,496.32","1,415.04",434.47K,4.36%
10/16/2020,1425.28,"1,413.12","1,425.28","1,391.37",366.24K,0.72%
10/15/2020,1415.04,"1,466.24","1,478.40","1,410.56",509.48K,0.87%
10/14/2020,1402.88,"1,404.80","1,424.64","1,381.12",462.81K,-1.04%
10/13/2020,1417.60,"1,414.40","1,445.76","1,405.44",365.55K,1.37%
10/12/2020,1398.40,"1,401.60","1,426.56","1,393.92",488.39K,-1.97%
10/9/2020,1426.56,"1,459.84","1,460.48","1,425.92",455.22K,-5.19%
10/8/2020,1504.64,"1,549.44","1,558.40","1,501.44",394.36K,-4.00%
10/7/2020,1567.36,"1,589.12","1,595.52","1,555.84",303.89K,-3.28%
10/6/2020,1620.48,"1,584.64","1,634.56","1,554.71",543.85K,1.40%
10/5/2020,1598.08,"1,633.92","1,651.20","1,585.60",325.73K,6098.91%
10/4/2020,25.78,25.78,25.78,25.78,,0.00%
10/3/2020,25.78,25.78,25.78,25.78,,-98.44%
10/2/2020,1649.92,"1,683.84","1,688.32","1,618.56",467.73K,3.08%
10/1/2020,1600.64,"1,575.04","1,625.60","1,575.04",377.35K,0.44%
09/30/2020,1593.60,"1,575.04","1,611.52","1,554.56",401.99K,-0.16%
09/29/2020,1596.16,"1,630.08","1,632.00","1,571.52",354.95K,-1.66%
09/28/2020,1623.04,"1,621.12","1,641.60","1,616.64",285.33K,6254.89%
09/27/2020,25.54,25.54,25.54,25.54,,0.00%
09/26/2020,25.54,25.54,25.54,25.54,,-98.44%
09/25/2020,1634.56,"1,678.08","1,690.88","1,624.32",369.25K,-2.48%
09/24/2020,1676.16,"1,710.72","1,728.00","1,647.36",428.44K,-1.91%
09/23/2020,1708.80,"1,617.28","1,710.08","1,609.60",457.80K,5.28%
09/22/2020,1623.04,"1,607.68","1,666.56","1,607.05",363.98K,0.79%
09/21/2020,1610.24,"1,625.60","1,705.60","1,602.88",623.21K,3.24%
09/18/2020,1559.68,"1,549.44","1,598.72","1,514.88",540.90K,-0.08%
09/17/2020,1560.96,"1,646.72","1,651.84","1,553.92",486.05K,-2.28%
09/16/2020,1597.44,"1,591.68","1,600.00","1,553.60",465.75K,-0.28%
09/15/2020,1601.92,"1,588.48","1,631.36","1,580.16",398.50K,-0.16%
09/14/2020,1604.48,"1,610.88","1,628.80","1,581.45",473.26K,6187.15%
09/13/2020,25.52,25.52,25.52,25.52,,-98.44%
9/11/2020,1633.28,"1,688.96","1,739.52","1,631.36",665.37K,-5.93%
9/10/2020,1736.32,"1,701.76","1,777.92","1,687.04",612.59K,1.12%
9/9/2020,1717.12,"1,763.87","1,782.40","1,686.40",592.44K,-5.13%
9/8/2020,1809.92,"1,999.36","2,016.00","1,802.24",998.73K,-2.21%
9/4/2020,1850.88,"1,978.24","2,181.12","1,826.56",1.73M,-8.80%
9/3/2020,2029.44,"1,812.48","2,096.64","1,747.42",1.86M,13.49%
9/2/2020,1788.16,"1,743.36","1,806.72","1,736.32",633.26K,2.46%
9/1/2020,1745.28,"1,718.40","1,757.44","1,704.96",452.35K,1.56%
08/31/2020,1718.40,"1,683.20","1,733.76","1,643.52",567.76K,6617.75%
08/30/2020,25.58,25.58,25.58,25.58,,-98.44%
08/28/2020,1637.12,"1,665.28","1,735.04","1,610.24",544.92K,-0.54%
08/27/2020,1646.08,"1,580.16","1,772.80","1,563.52",841.50K,3.17%
08/26/2020,1595.52,"1,551.36","1,605.76","1,512.96",463.64K,2.21%
08/25/2020,1560.96,"1,574.40","1,620.80","1,550.72",410.05K,-0.53%
08/24/2020,1569.28,"1,532.80","1,586.24","1,528.32",430.21K,6271.42%
08/23/2020,24.63,24.63,24.63,24.63,,0.00%
08/22/2020,24.63,24.63,24.63,24.63,,-98.44%
08/21/2020,1576.32,"1,596.16","1,602.55","1,567.04",401.84K,0.53%
08/20/2020,1568.00,"1,647.36","1,653.76","1,561.60",553.78K,-1.09%
08/19/2020,1585.28,"1,544.32","1,596.16","1,532.80",556.63K,1.81%
08/18/2020,1557.12,"1,560.32","1,595.52","1,542.40",345.93K,-1.06%
08/17/2020,1573.76,"1,592.96","1,606.40","1,562.88",306.33K,-3.34%
08/14/2020,1628.16,"1,646.72","1,660.16","1,619.84",422.73K,-0.27%
08/13/2020,1632.64,"1,642.88","1,654.40","1,593.60",445.58K,-0.08%
8/12/2020,1633.92,"1,659.52","1,665.92","1,620.16",443.36K,-5.27%
8/11/2020,1724.80,"1,609.60","1,736.96","1,601.92",564.24K,4.66%
8/10/2020,1648.00,"1,672.96","1,699.20","1,642.24",402.55K,6111.84%
8/9/2020,26.53,26.53,26.53,26.53,,0.00%
8/8/2020,26.53,26.53,26.53,26.53,,-98.44%
8/7/2020,1697.92,"1,731.84","1,736.96","1,681.28",461.20K,-0.79%
8/6/2020,1711.36,"1,735.04","1,749.12","1,705.60",338.09K,-1.11%
8/5/2020,1730.56,"1,739.52","1,765.12","1,724.80",320.29K,-2.10%
8/4/2020,1767.68,"1,815.04","1,815.04","1,761.92",307.77K,-2.95%
8/3/2020,1821.44,"1,811.84","1,840.49","1,799.04",313.21K,6286.54%
8/2/2020,28.52,28.52,28.52,28.52,,-98.44%
07/31/2020,1825.28,"1,818.88","1,915.51","1,816.32",480.67K,-2.33%
07/30/2020,1868.80,"1,911.04","2,001.29","1,856.00",508.16K,2.21%
07/29/2020,1828.48,"1,841.28","1,861.76","1,818.88",327.29K,-2.06%
07/28/2020,1866.88,"1,877.12","1,893.12","1,806.72",400.97K,-0.58%
07/27/2020,1877.76,"1,906.56","1,931.84","1,873.28",325.84K,6123.93%
07/26/2020,30.17,30.17,30.17,30.17,,0.00%
07/25/2020,30.17,30.17,30.17,30.17,,-98.44%
07/24/2020,1930.88,"1,985.27","2,013.12","1,928.96",515.52K,0.33%
07/23/2020,1924.48,"1,849.60","1,963.52","1,836.80",549.45K,3.12%
07/22/2020,1866.24,"1,897.60","1,925.82","1,864.32",352.03K,-1.12%
07/21/2020,1887.36,"1,824.00","1,910.40","1,801.60",563.09K,0.89%
07/20/2020,1870.72,"1,934.08","1,944.96","1,838.72",419.87K,-4.54%
07/17/2020,1959.68,"2,011.52","2,030.72","1,956.48",299.21K,-3.59%
07/16/2020,2032.64,"2,116.48","2,116.48","2,022.40",430.48K,-1.55%
07/15/2020,2064.64,"2,062.08","2,155.52","2,056.32",446.01K,-2.86%
07/14/2020,2125.44,"2,257.28","2,304.64","2,119.68",720.68K,-5.76%
07/13/2020,2255.36,"2,035.84","2,264.96","2,030.72",538.97K,9.61%
7/10/2020,2057.60,"2,129.92","2,174.60","2,056.32",357.54K,-2.75%
7/9/2020,2115.84,"2,085.76","2,208.64","2,069.12",504.69K,1.57%
7/8/2020,2083.20,"2,104.96","2,173.44","2,077.44",386.92K,-2.52%
7/7/2020,2136.96,"2,083.23","2,144.00","2,026.56",384.74K,3.44%
7/6/2020,2065.92,"2,001.28","2,089.92","1,996.16",368.84K,-0.12%
7/2/2020,2068.48,"2,019.20","2,085.12","1,985.92",436.50K,-1.73%
7/1/2020,2104.96,"2,135.68","2,170.24","2,090.24",387.85K,-3.12%
06/30/2020,2172.80,"2,303.76","2,310.34","2,150.40",421.15K,-4.85%
06/29/2020,2283.52,"2,360.32","2,438.25","2,279.68",390.11K,-4.85%
06/26/2020,2400.00,"2,268.80","2,427.52","2,260.49",698.37K,5.96%
06/25/2020,2264.96,"2,389.12","2,440.32","2,256.00",559.92K,-3.62%
06/24/2020,2350.08,"2,284.80","2,453.76","2,220.16",1.01M,6.59%
06/23/2020,2204.80,"2,145.27","2,221.43","2,138.73",470.09K,-1.82%
06/22/2020,2245.76,"2,377.60","2,408.96","2,238.72",534.75K,-4.88%
06/19/2020,2360.96,"2,268.16","2,440.32","2,249.60",673.21K,1.60%
06/18/2020,2323.84,"2,402.56","2,427.52","2,321.92",406.37K,-1.81%
06/17/2020,2366.72,"2,341.12","2,433.28","2,329.60",532.48K,0.30%
06/16/2020,2359.68,"2,257.92","2,496.74","2,239.36",835.03K,-2.25%
06/15/2020,2414.08,"2,702.08","2,791.68","2,391.68",627.68K,-2.56%
6/12/2020,2477.44,"2,457.60","2,881.92","2,394.88",1.06M,-6.97%
6/11/2020,2663.04,"2,212.48","2,707.20","2,120.32",1.62M,33.67%
6/10/2020,1992.32,"2,016.00","2,054.40","1,913.60",474.14K,-0.45%
6/9/2020,2001.28,"1,964.16","2,016.13","1,949.45",374.45K,4.86%
6/8/2020,1908.48,"1,857.28","1,927.04","1,853.44",259.18K,2.23%
6/5/2020,1866.88,"1,853.44","1,893.12","1,845.11",432.44K,-5.42%
6/4/2020,1973.76,"2,002.56","2,021.12","1,915.52",453.10K,-0.80%
6/3/2020,1989.76,"2,040.32","2,050.56","1,980.16",387.81K,-4.31%
6/2/2020,2079.36,"2,126.08","2,153.76","2,077.44",356.19K,-2.78%
6/1/2020,2138.88,"2,179.84","2,188.16","2,126.72",241.88K,0.88%
05/29/2020,2120.32,"2,218.24","2,258.56","2,120.32",509.57K,-3.92%
05/28/2020,2206.72,"2,147.84","2,226.92","2,120.64",363.93K,4.01%
05/27/2020,2121.60,"2,109.44","2,262.40","2,105.28",415.95K,-2.01%
05/26/2020,2165.12,"2,094.72","2,182.72","2,087.68",299.91K,-1.51%
05/22/2020,2198.40,"2,233.60","2,267.52","2,188.80",240.02K,-0.95%
05/21/2020,2219.52,"2,164.48","2,264.32","2,134.40",380.23K,2.91%
05/20/2020,2156.80,"2,199.04","2,245.76","2,156.80",506.86K,-6.47%
05/19/2020,2305.92,"2,203.52","2,310.40","2,154.88",359.77K,5.23%
05/18/2020,2191.36,"2,182.40","2,234.88","2,163.84",395.50K,-6.45%
05/15/2020,2342.40,"2,512.00","2,557.44","2,342.40",394.49K,-2.32%
05/14/2020,2398.08,"2,660.48","2,743.04","2,398.08",542.37K,-5.50%
05/13/2020,2537.60,"2,325.76","2,634.24","2,277.76",676.99K,10.45%
5/12/2020,2297.60,"2,024.16","2,304.00","2,010.88",381.76K,10.06%
5/11/2020,2087.68,"2,296.96","2,302.40","2,080.00",295.87K,-6.67%
5/8/2020,2236.80,"2,333.44","2,350.72","2,236.80",305.92K,-6.73%
5/7/2020,2398.08,"2,424.32","2,438.08","2,379.52",275.66K,-4.44%
5/6/2020,2509.44,"2,430.72","2,513.60","2,413.27",236.64K,1.40%
5/5/2020,2474.88,"2,476.80","2,492.80","2,403.84",278.51K,-3.95%
5/4/2020,2576.64,"2,725.12","2,752.00","2,571.52",211.13K,-2.26%
5/1/2020,2636.16,"2,630.40","2,692.48","2,579.84",322.77K,8.77%
04/30/2020,2423.68,"2,399.36","2,510.08","2,396.17",266.64K,3.17%
04/29/2020,2349.12,"2,359.04","2,368.64","2,294.40",315.72K,-6.05%
04/28/2020,2500.48,"2,374.40","2,532.25","2,365.44",354.52K,1.59%
04/27/2020,2461.44,"2,589.44","2,590.08","2,426.24",360.91K,-7.37%
04/24/2020,2657.28,"2,762.88","2,803.20","2,653.48",230.90K,-5.76%
04/23/2020,2819.84,"2,782.72","2,872.32","2,732.80",290.08K,-0.29%
04/22/2020,2828.16,"2,862.08","2,917.12","2,797.44",251.96K,-4.80%
04/21/2020,2970.88,"2,946.56","3,081.60","2,926.08",408.33K,8.36%
04/20/2020,2741.76,"2,634.88","2,752.00","2,568.32",301.52K,9.71%
04/17/2020,2499.20,"2,499.84","2,586.88","2,483.84",280.73K,-4.15%
04/16/2020,2607.36,"2,613.76","2,683.52","2,581.12",291.65K,0.82%
04/15/2020,2586.24,"2,560.00","2,651.52","2,516.80",325.72K,8.02%
04/14/2020,2394.24,"2,457.60","2,471.68","2,368.00",280.91K,-8.11%
04/13/2020,2605.44,"2,643.20","2,715.52","2,599.68",231.66K,-2.07%
4/9/2020,2660.48,"2,696.32","2,744.96","2,648.00",365.74K,-1.96%
4/8/2020,2713.60,"2,741.76","2,798.08","2,682.88",326.29K,-2.33%
4/7/2020,2778.24,"2,618.24","2,794.24","2,609.93",438.23K,2.84%
4/6/2020,2701.44,"2,695.04","2,756.49","2,657.28",309.65K,-7.13%
4/3/2020,2908.80,"3,008.00","3,062.40","2,880.00",417.60K,-4.03%
4/2/2020,3031.04,"3,173.12","3,225.60","3,021.12",336.48K,-5.69%
4/1/2020,3214.08,"3,162.88","3,256.96","3,011.84",297.73K,8.58%
03/31/2020,2960.00,"3,136.00","3,152.64","2,906.88",492.46K,-4.89%
03/30/2020,3112.32,"3,233.28","3,321.60","3,109.12",499.69K,-3.89%
03/27/2020,3238.40,"3,221.76","3,246.08","3,098.24",366.08K,10.92%
03/26/2020,2919.68,"3,145.60","3,181.44","2,919.04",488.08K,-10.37%
03/25/2020,3257.60,"3,083.52","3,370.88","3,050.88",396.21K,7.95%
03/24/2020,3017.60,"2,679.04","3,055.36","2,528.00",569.27K,-7.78%
03/23/2020,3272.32,"3,671.68","3,778.56","3,152.00",615.59K,-15.56%
03/20/2020,3875.20,"3,800.32","4,037.12","3,361.28",922.72K,-2.34%
03/19/2020,3968.00,"4,723.20","4,921.60","3,577.60",1.29M,-10.14%
03/18/2020,4416.00,"4,220.80","5,045.76","3,958.40",1.18M,17.93%
03/17/2020,3744.64,"3,685.12","4,007.68","3,470.72",768.62K,-1.18%
03/16/2020,3789.44,"3,520.00","3,966.08","3,298.56",759.38K,37.06%
03/13/2020,2764.80,"2,695.68","3,163.52","2,689.28",1.03M,-8.78%
3/12/2020,3031.04,"2,886.40","3,121.92","2,659.20",1.02M,22.50%
3/11/2020,2474.24,"2,357.76","2,524.80","2,326.40",770.95K,13.34%
3/10/2020,2183.04,"2,112.00","2,378.24","2,097.28",936.20K,-7.71%
3/9/2020,2365.44,"2,601.60","2,634.88","2,250.24",1.17M,23.94%
3/6/2020,1908.48,"2,026.24","2,091.52","1,871.36",2.20M,11.77%
3/5/2020,1707.52,"1,611.52","1,771.52","1,576.96",1.90M,16.00%
3/4/2020,1472.00,"1,497.60","1,554.56","1,455.36",1.37M,-5.93%
3/3/2020,1564.80,"1,404.80","1,605.12","1,349.44",1.96M,10.99%
3/2/2020,1409.92,"1,420.80","1,510.72","1,402.24",1.75M,-3.42%
02/28/2020,1459.84,"1,581.44","1,600.00","1,451.52",2.28M,3.68%
02/27/2020,1408.00,"1,321.60","1,408.00","1,287.04",2.64M,16.22%
02/26/2020,1211.52,"1,198.08","1,256.96","1,156.48",2.10M,-2.12%
02/25/2020,1237.76,"1,091.84","1,270.40","1,083.52",2.81M,9.45%
02/24/2020,1130.88,"1,098.24","1,136.00","1,046.40",2.26M,18.59%
02/21/2020,953.60,926.72,979.2,917.76,1.35M,6.13%
02/20/2020,898.56,871.04,927.36,864,1.29M,3.54%
02/19/2020,867.84,864.64,874.24,858.88,565.13K,-1.45%
02/18/2020,880.64,881.92,897.92,868.48,639.86K,1.78%
02/14/2020,865.28,867.84,884.16,862.08,524.56K,-1.24%
02/13/2020,876.16,885.76,894.04,865.92,527.55K,2.16%
2/12/2020,857.60,887.04,891.52,856.32,623.88K,-5.10%
2/11/2020,903.68,888.32,907.52,883.2,576.87K,0.14%
2/10/2020,902.40,928.64,928.64,898.56,557.67K,-1.95%
2/7/2020,920.32,928,938.88,905.6,727.98K,2.06%
2/6/2020,901.76,901.12,920.32,896,604.68K,-0.77%
2/5/2020,908.80,914.56,942.72,908.8,740.55K,-4.25%
2/4/2020,949.12,954.24,960.64,935.04,739.22K,-4.81%
2/3/2020,997.12,"1,010.56","1,025.28",974.1,814.75K,-3.83%
01/31/2020,1036.80,954.24,"1,068.80",954.24,1.68M,10.96%
01/30/2020,934.40,986.88,"1,008.00",934.4,1.05M,-1.68%
01/29/2020,950.40,932.48,965.76,922.88,653.17K,0.13%
01/28/2020,949.12,981.12,988.8,944.64,839.83K,-5.60%
01/27/2020,1005.44,990.08,"1,006.72",967.68,1.29M,10.32%
01/24/2020,911.36,849.28,929.92,845.44,1.60M,5.56%
01/23/2020,863.36,880,894.08,860.8,545.77K,-0.37%
01/22/2020,866.56,842.88,866.56,842.88,569.87K,0.82%
01/21/2020,859.52,864,865.28,841.6,647.00K,0.83%
01/17/2020,852.48,850.56,867.84,848,523.29K,0.23%
01/16/2020,850.56,858.88,861.12,848.64,447.81K,-2.42%
01/15/2020,871.68,874.24,877.44,864.64,474.86K,-0.29%
01/14/2020,874.24,882.56,889.6,864.64,522.34K,-0.73%
01/13/2020,880.64,893.44,903.04,879.36,443.19K,-2.55%
1/10/2020,903.68,906.24,914.24,893.44,514.50K,-0.42%
1/9/2020,907.52,920.32,929.28,906.88,504.25K,-4.19%
1/8/2020,947.20,954.24,960,917.12,755.85K,-1.40%
1/7/2020,960.64,970.24,983.04,950.4,479.55K,-0.46%
1/6/2020,965.12,"1,007.36","1,010.59",965.12,407.81K,-1.37%
1/3/2020,978.56,"1,002.88","1,007.36",956.8,753.45K,5.38%
1/2/2020,928.64,941.44,962.56,928,443.86K,-4.03%
